post_id,post_date,event_date,post_title,assembly_rows,pre_march_rows,event_rows,source_url
2005,2026-07-13,2026-07-13,7월 13일 (월) 행사 및 집회,2,0,0,https://www.spatic.go.kr/spatic/assem/getInfoView.do?mgrSeq=2005
2003,2026-07-12,2026-07-12,7월 12일 (일) 행사 및 집회,5,0,1,https://www.spatic.go.kr/spatic/assem/getInfoView.do?mgrSeq=2003
2001,2026-07-11,2026-07-11,7월 11일 (토) 행사 및 집회,5,0,0,https://www.spatic.go.kr/spatic/assem/getInfoView.do?mgrSeq=2001
1999,2026-07-10,2026-07-10,7월 10일 (금) 행사 및 집회,2,0,0,https://www.spatic.go.kr/spatic/assem/getInfoView.do?mgrSeq=1999
1993,2026-07-10,2026-07-09,7월 09일 (목) 행사 및 집회,3,0,0,https://www.spatic.go.kr/spatic/assem/getInfoView.do?mgrSeq=1993
1973,2026-07-08,2026-07-08,7월 08일 (수) 행사 및 집회,3,0,0,https://www.spatic.go.kr/spatic/assem/getInfoView.do?mgrSeq=1973
1971,2026-07-07,2026-07-07,7월 07일 (화) 행사 및 집회,4,1,0,https://www.spatic.go.kr/spatic/assem/getInfoView.do?mgrSeq=1971
1969,2026-07-06,2026-07-06,7월 06일 (월) 행사 및 집회,1,0,0,https://www.spatic.go.kr/spatic/assem/getInfoView.do?mgrSeq=1969
1967,2026-07-05,2026-07-05,7월 05일 (일) 행사 및 집회,4,0,0,https://www.spatic.go.kr/spatic/assem/getInfoView.do?mgrSeq=1967
1965,2026-07-04,2026-07-04,7월 04일 (토) 행사 및 집회,7,2,0,https://www.spatic.go.kr/spatic/assem/getInfoView.do?mgrSeq=1965
1963,2026-07-03,2026-07-03,7월 03일 (금) 행사 및 집회,3,0,0,https://www.spatic.go.kr/spatic/assem/getInfoView.do?mgrSeq=1963
1961,2026-07-02,2026-07-02,7월 02일 (목) 행사 및 집회,2,0,0,https://www.spatic.go.kr/spatic/assem/getInfoView.do?mgrSeq=1961
1959,2026-07-01,2026-07-01,7월 01일 (수) 행사 및 집회,5,0,0,https://www.spatic.go.kr/spatic/assem/getInfoView.do?mgrSeq=1959
1957,2026-06-30,2026-06-30,	6월 30일 (화) 행사 및 집회,4,0,0,https://www.spatic.go.kr/spatic/assem/getInfoView.do?mgrSeq=1957
1955,2026-06-29,2026-06-29,6월 29일 (월) 행사 및 집회,3,0,0,https://www.spatic.go.kr/spatic/assem/getInfoView.do?mgrSeq=1955
1953,2026-06-28,2026-06-28,6월 28일 (일) 행사 및 집회,5,0,0,https://www.spatic.go.kr/spatic/assem/getInfoView.do?mgrSeq=1953
1951,2026-06-27,2026-06-27,6월 27일 (토) 행사 및 집회,9,1,0,https://www.spatic.go.kr/spatic/assem/getInfoView.do?mgrSeq=1951
1949,2026-06-26,2026-06-26,6월 26일 (금) 행사 및 집회,5,0,0,https://www.spatic.go.kr/spatic/assem/getInfoView.do?mgrSeq=1949
1947,2026-06-25,2026-06-25,6월 25일 (목) 행사 및 집회,5,0,0,https://www.spatic.go.kr/spatic/assem/getInfoView.do?mgrSeq=1947
1945,2026-06-24,2026-06-24,6월 24일 (수) 행사 및 집회,3,0,0,https://www.spatic.go.kr/spatic/assem/getInfoView.do?mgrSeq=1945
1943,2026-06-23,2026-06-23,6월 23일 (화) 행사 및 집회,2,0,0,https://www.spatic.go.kr/spatic/assem/getInfoView.do?mgrSeq=1943
1941,2026-06-22,2026-06-22,6월 22일 (월) 행사 및 집회,3,0,0,https://www.spatic.go.kr/spatic/assem/getInfoView.do?mgrSeq=1941
1939,2026-06-21,2026-06-21,6월 21일 (일) 행사 및 집회,4,0,2,https://www.spatic.go.kr/spatic/assem/getInfoView.do?mgrSeq=1939
1937,2026-06-20,2026-06-20,6월 20일 (토) 행사 및 집회,10,1,2,https://www.spatic.go.kr/spatic/assem/getInfoView.do?mgrSeq=1937
1935,2026-06-19,2026-06-19,6월 19일 (금) 행사 및 집회,3,0,0,https://www.spatic.go.kr/spatic/assem/getInfoView.do?mgrSeq=1935
1933,2026-06-18,2026-06-18,6월 18일 (목) 행사 및 집회,4,0,0,https://www.spatic.go.kr/spatic/assem/getInfoView.do?mgrSeq=1933
1931,2026-06-17,2026-06-17,6월 17일 (수) 행사 및 집회,6,0,0,https://www.spatic.go.kr/spatic/assem/getInfoView.do?mgrSeq=1931
1929,2026-06-16,2026-06-16,6월 16일 (화) 행사 및 집회,2,0,0,https://www.spatic.go.kr/spatic/assem/getInfoView.do?mgrSeq=1929
1927,2026-06-15,2026-06-15,6월 15일 (월) 행사 및 집회,3,0,0,https://www.spatic.go.kr/spatic/assem/getInfoView.do?mgrSeq=1927
1925,2026-06-14,2026-06-14,6월 14일 (일) 행사 및 집회,4,0,0,https://www.spatic.go.kr/spatic/assem/getInfoView.do?mgrSeq=1925
1923,2026-06-13,2026-06-13,6월 13일 (토) 행사 및 집회,10,0,0,https://www.spatic.go.kr/spatic/assem/getInfoView.do?mgrSeq=1923
1921,2026-06-12,2026-06-12,6월 12일 (금) 행사 및 집회,4,0,0,https://www.spatic.go.kr/spatic/assem/getInfoView.do?mgrSeq=1921
1919,2026-06-11,2026-06-11,6월 11일 (목) 행사 및 집회	,6,0,0,https://www.spatic.go.kr/spatic/assem/getInfoView.do?mgrSeq=1919
1917,2026-06-10,2026-06-10,6월 10일 (수) 행사 및 집회,5,1,0,https://www.spatic.go.kr/spatic/assem/getInfoView.do?mgrSeq=1917
1915,2026-06-09,2026-06-09,6월 9일 (화) 행사 및 집회,3,0,0,https://www.spatic.go.kr/spatic/assem/getInfoView.do?mgrSeq=1915
1913,2026-06-08,2026-06-08,6월 8일 (월) 행사 및 집회	,3,0,0,https://www.spatic.go.kr/spatic/assem/getInfoView.do?mgrSeq=1913
1911,2026-06-07,2026-06-07,6월 7일 (일) 행사 및 집회,4,0,4,https://www.spatic.go.kr/spatic/assem/getInfoView.do?mgrSeq=1911
1909,2026-06-06,2026-06-06,6월 6일 (토) 행사 및 집회,8,0,0,https://www.spatic.go.kr/spatic/assem/getInfoView.do?mgrSeq=1909
1907,2026-06-05,2026-06-05,6월 5일 (금) 행사 및 집회,2,0,0,https://www.spatic.go.kr/spatic/assem/getInfoView.do?mgrSeq=1907
1905,2026-06-04,2026-06-04,6월 4일 (목) 행사 및 집회,3,0,0,https://www.spatic.go.kr/spatic/assem/getInfoView.do?mgrSeq=1905
1903,2026-06-03,2026-06-03,6월 3일 (수) 행사 및 집회,4,0,0,https://www.spatic.go.kr/spatic/assem/getInfoView.do?mgrSeq=1903
1901,2026-06-02,2026-06-02,6월 2일 (화) 행사 및 집회	,2,0,0,https://www.spatic.go.kr/spatic/assem/getInfoView.do?mgrSeq=1901
1899,2026-06-01,2026-06-01,6월 1일 (월) 행사 및 집회	,2,0,0,https://www.spatic.go.kr/spatic/assem/getInfoView.do?mgrSeq=1899
1897,2026-05-31,2026-05-31,5월 31일 (일) 행사 및 집회	,4,0,0,https://www.spatic.go.kr/spatic/assem/getInfoView.do?mgrSeq=1897
1895,2026-05-30,2026-05-30,5월 30일 (토) 행사 및 집회,10,0,0,https://www.spatic.go.kr/spatic/assem/getInfoView.do?mgrSeq=1895
1893,2026-05-29,2026-05-29,5월 29일 (금) 행사 및 집회,4,0,0,https://www.spatic.go.kr/spatic/assem/getInfoView.do?mgrSeq=1893
1891,2026-05-28,2026-05-28,5월 28일 (목) 행사 및 집회,7,0,0,https://www.spatic.go.kr/spatic/assem/getInfoView.do?mgrSeq=1891
1889,2026-05-27,2026-05-27,5월 27일 (수) 행사 및 집회,3,0,0,https://www.spatic.go.kr/spatic/assem/getInfoView.do?mgrSeq=1889
1887,2026-05-26,2026-05-26,5월 26일 (화) 행사 및 집회	,4,0,0,https://www.spatic.go.kr/spatic/assem/getInfoView.do?mgrSeq=1887
1885,2026-05-25,2026-05-25,5월 25일 (월) 행사 및 집회,3,0,0,https://www.spatic.go.kr/spatic/assem/getInfoView.do?mgrSeq=1885
1883,2026-05-24,2026-05-24,5월 24일 (일) 행사 및 집회,2,0,1,https://www.spatic.go.kr/spatic/assem/getInfoView.do?mgrSeq=1883
1881,2026-05-23,2026-05-23,5월 23일 (토) 행사 및 집회	,8,0,0,https://www.spatic.go.kr/spatic/assem/getInfoView.do?mgrSeq=1881
1879,2026-05-22,2026-05-22,5월 22일 (금) 행사 및 집회,3,0,0,https://www.spatic.go.kr/spatic/assem/getInfoView.do?mgrSeq=1879
1877,2026-05-21,2026-05-21,5월 21일 (목) 행사 및 집회,1,0,0,https://www.spatic.go.kr/spatic/assem/getInfoView.do?mgrSeq=1877
1874,2026-05-20,2026-05-20,5월 20일 (수) 행사 및 집회,7,0,0,https://www.spatic.go.kr/spatic/assem/getInfoView.do?mgrSeq=1874
1872,2026-05-19,2026-05-19,5월 19일 (화) 행사 및 집회,4,0,0,https://www.spatic.go.kr/spatic/assem/getInfoView.do?mgrSeq=1872
1870,2026-05-18,2026-05-18,5월 18일 (월) 행사 및 집회,2,0,0,https://www.spatic.go.kr/spatic/assem/getInfoView.do?mgrSeq=1870
1868,2026-05-17,2026-05-17,5월 17일 (일) 행사 및 집회,5,0,2,https://www.spatic.go.kr/spatic/assem/getInfoView.do?mgrSeq=1868
1866,2026-05-16,2026-05-16,5월 16일 (토) 행사 및 집회,9,0,2,https://www.spatic.go.kr/spatic/assem/getInfoView.do?mgrSeq=1866
1864,2026-05-15,2026-05-15,5월 15일 (금) 행사 및 집회,4,0,0,https://www.spatic.go.kr/spatic/assem/getInfoView.do?mgrSeq=1864
1862,2026-05-14,2026-05-14,5월 14일 (목) 행사 및 집회,4,0,0,https://www.spatic.go.kr/spatic/assem/getInfoView.do?mgrSeq=1862
1860,2026-05-13,2026-05-13,5월 13일 (수) 행사 및 집회,3,0,0,https://www.spatic.go.kr/spatic/assem/getInfoView.do?mgrSeq=1860
1858,2026-05-12,2026-05-12,5월 12일 (화) 행사 및 집회,4,0,0,https://www.spatic.go.kr/spatic/assem/getInfoView.do?mgrSeq=1858
1856,2026-05-11,2026-05-11,5월 11일 (월) 행사 및 집회,2,0,0,https://www.spatic.go.kr/spatic/assem/getInfoView.do?mgrSeq=1856
1854,2026-05-10,2026-05-10,5월 10일 (일) 행사 및 집회,3,0,2,https://www.spatic.go.kr/spatic/assem/getInfoView.do?mgrSeq=1854
1852,2026-05-09,2026-05-09,5월 9일 (토) 행사 및 집회,10,0,0,https://www.spatic.go.kr/spatic/assem/getInfoView.do?mgrSeq=1852
1850,2026-05-08,2026-05-08,5월 8일 (금) 행사 및 집회,4,0,0,https://www.spatic.go.kr/spatic/assem/getInfoView.do?mgrSeq=1850
1848,2026-05-07,2026-05-07,5월 7일 (목) 행사 및 집회,3,0,0,https://www.spatic.go.kr/spatic/assem/getInfoView.do?mgrSeq=1848
1846,2026-05-06,2026-05-06,5월 6일 (수) 행사 및 집회,4,0,0,https://www.spatic.go.kr/spatic/assem/getInfoView.do?mgrSeq=1846
1844,2026-05-05,2026-05-05,5월 5일 (화) 행사 및 집회,3,0,0,https://www.spatic.go.kr/spatic/assem/getInfoView.do?mgrSeq=1844
1842,2026-05-04,2026-05-04,5월 4일 (월) 행사 및 집회,3,0,0,https://www.spatic.go.kr/spatic/assem/getInfoView.do?mgrSeq=1842
1840,2026-05-03,2026-05-03,5월 3일 (일) 행사 및 집회	,3,0,4,https://www.spatic.go.kr/spatic/assem/getInfoView.do?mgrSeq=1840
1838,2026-05-02,2026-05-02,5월 2일 (토) 행사 및 집회,8,0,2,https://www.spatic.go.kr/spatic/assem/getInfoView.do?mgrSeq=1838
1836,2026-05-01,2026-05-01,5월 1일 (금) 행사 및 집회,5,7,0,https://www.spatic.go.kr/spatic/assem/getInfoView.do?mgrSeq=1836
1834,2026-04-30,2026-04-30,4월 30일 (목) 행사 및 집회,6,0,0,https://www.spatic.go.kr/spatic/assem/getInfoView.do?mgrSeq=1834
1832,2026-04-29,2026-04-29,4월 29일 (수) 행사 및 집회,4,0,0,https://www.spatic.go.kr/spatic/assem/getInfoView.do?mgrSeq=1832
1830,2026-04-28,2026-04-28,4월 28일 (화) 행사 및 집회,6,0,0,https://www.spatic.go.kr/spatic/assem/getInfoView.do?mgrSeq=1830
1828,2026-04-27,2026-04-27,4월 27일 (월) 행사 및 집회,3,0,0,https://www.spatic.go.kr/spatic/assem/getInfoView.do?mgrSeq=1828
1826,2026-04-26,2026-04-26,4월 26일 (일) 행사 및 집회,5,0,2,https://www.spatic.go.kr/spatic/assem/getInfoView.do?mgrSeq=1826
1824,2026-04-25,2026-04-25,4월 25일 (토) 행사 및 집회,9,0,1,https://www.spatic.go.kr/spatic/assem/getInfoView.do?mgrSeq=1824
1822,2026-04-24,2026-04-24,4월 24일 (금) 행사 및 집회,6,0,0,https://www.spatic.go.kr/spatic/assem/getInfoView.do?mgrSeq=1822
1820,2026-04-23,2026-04-23,4월 23일 (목) 행사 및 집회,3,0,0,https://www.spatic.go.kr/spatic/assem/getInfoView.do?mgrSeq=1820
1818,2026-04-22,2026-04-22,	4월 22일 (수) 행사 및 집회,5,0,0,https://www.spatic.go.kr/spatic/assem/getInfoView.do?mgrSeq=1818
1816,2026-04-21,2026-04-21,4월 21일 (화) 행사 및 집회,4,0,0,https://www.spatic.go.kr/spatic/assem/getInfoView.do?mgrSeq=1816
1814,2026-04-20,2026-04-20,4월 20일 (월) 행사 및 집회,5,3,0,https://www.spatic.go.kr/spatic/assem/getInfoView.do?mgrSeq=1814
1812,2026-04-19,2026-04-19,4월 19일 (일) 행사 및 집회,4,0,1,https://www.spatic.go.kr/spatic/assem/getInfoView.do?mgrSeq=1812
1810,2026-04-18,2026-04-18,4월 18일 (토) 행사 및 집회,8,3,0,https://www.spatic.go.kr/spatic/assem/getInfoView.do?mgrSeq=1810
1808,2026-04-17,2026-04-17,4월 17일 (금) 행사 및 집회,3,0,0,https://www.spatic.go.kr/spatic/assem/getInfoView.do?mgrSeq=1808
1806,2026-04-16,2026-04-16,4월 16일 (목) 행사 및 집회,5,2,0,https://www.spatic.go.kr/spatic/assem/getInfoView.do?mgrSeq=1806
1804,2026-04-15,2026-04-15,4월 15일 (수) 행사 및 집회,4,1,0,https://www.spatic.go.kr/spatic/assem/getInfoView.do?mgrSeq=1804
1802,2026-04-14,2026-04-14,4월 14일 (화) 행사 및 집회,3,0,0,https://www.spatic.go.kr/spatic/assem/getInfoView.do?mgrSeq=1802
1800,2026-04-13,2026-04-13,4월 13일 (월) 행사 및 집회,3,0,0,https://www.spatic.go.kr/spatic/assem/getInfoView.do?mgrSeq=1800
1798,2026-04-12,2026-04-12,4월 12일 (일) 행사 및 집회,3,0,0,https://www.spatic.go.kr/spatic/assem/getInfoView.do?mgrSeq=1798
1796,2026-04-11,2026-04-11,4월 11일 (토) 행사 및 집회,9,0,0,https://www.spatic.go.kr/spatic/assem/getInfoView.do?mgrSeq=1796
1794,2026-04-10,2026-04-10,4월 10일 (금) 행사 및 집회,6,0,0,https://www.spatic.go.kr/spatic/assem/getInfoView.do?mgrSeq=1794
1792,2026-04-09,2026-04-09,4월 9일 (목) 행사 및 집회,4,0,0,https://www.spatic.go.kr/spatic/assem/getInfoView.do?mgrSeq=1792
1790,2026-04-08,2026-04-08,4월 8일 (수) 행사 및 집회,7,0,0,https://www.spatic.go.kr/spatic/assem/getInfoView.do?mgrSeq=1790
1788,2026-04-07,2026-04-07,4월 7일 (화) 행사 및 집회,4,0,0,https://www.spatic.go.kr/spatic/assem/getInfoView.do?mgrSeq=1788
1786,2026-04-06,2026-04-06,4월 6일 (월) 행사 및 집회,3,0,0,https://www.spatic.go.kr/spatic/assem/getInfoView.do?mgrSeq=1786
1784,2026-04-05,2026-04-05,4월 5일 (일) 행사 및 집회,3,0,1,https://www.spatic.go.kr/spatic/assem/getInfoView.do?mgrSeq=1784
1782,2026-04-04,2026-04-04,4월 4일 (토) 행사 및 집회,10,0,1,https://www.spatic.go.kr/spatic/assem/getInfoView.do?mgrSeq=1782
1780,2026-04-03,2026-04-03,4월 3일 (금) 행사 및 집회,5,0,0,https://www.spatic.go.kr/spatic/assem/getInfoView.do?mgrSeq=1780
1778,2026-04-02,2026-04-02,4월 2일 (목) 행사 및 집회,4,0,0,https://www.spatic.go.kr/spatic/assem/getInfoView.do?mgrSeq=1778
1776,2026-04-01,2026-04-01,4월 1일 (수) 행사 및 집회,3,0,0,https://www.spatic.go.kr/spatic/assem/getInfoView.do?mgrSeq=1776
1774,2026-03-31,2026-03-31,3월 31일 (화) 행사 및 집회,2,0,0,https://www.spatic.go.kr/spatic/assem/getInfoView.do?mgrSeq=1774
1772,2026-03-30,2026-03-30,3월 30일 (월) 행사 및 집회,3,0,0,https://www.spatic.go.kr/spatic/assem/getInfoView.do?mgrSeq=1772
1770,2026-03-29,2026-03-29,3월 29일 (일) 행사 및 집회,8,0,2,https://www.spatic.go.kr/spatic/assem/getInfoView.do?mgrSeq=1770
1767,2026-03-28,2026-03-28,3월 28일 (토) 행사 및 집회,10,0,2,https://www.spatic.go.kr/spatic/assem/getInfoView.do?mgrSeq=1767
1765,2026-03-27,2026-03-27,3월 27일 (금) 행사 및 집회,5,0,1,https://www.spatic.go.kr/spatic/assem/getInfoView.do?mgrSeq=1765
1762,2026-03-26,2026-03-26,3월 26일 (목) 행사 및 집회,5,0,0,https://www.spatic.go.kr/spatic/assem/getInfoView.do?mgrSeq=1762
1758,2026-03-25,2026-03-25,3월 25일 (수) 행사 및 집회,3,0,0,https://www.spatic.go.kr/spatic/assem/getInfoView.do?mgrSeq=1758
1756,2026-03-24,2026-03-24,3월 24일 (화) 행사 및 집회	,2,0,0,https://www.spatic.go.kr/spatic/assem/getInfoView.do?mgrSeq=1756
1753,2026-03-23,2026-03-23,3월 23일 (월) 행사 및 집회,5,0,0,https://www.spatic.go.kr/spatic/assem/getInfoView.do?mgrSeq=1753
1751,2026-03-22,2026-03-22,3월 22일 (일) 행사 및 집회,4,0,2,https://www.spatic.go.kr/spatic/assem/getInfoView.do?mgrSeq=1751
1749,2026-03-21,2026-03-21,3월 21일 (토) 행사 및 집회,6,1,2,https://www.spatic.go.kr/spatic/assem/getInfoView.do?mgrSeq=1749
1747,2026-03-20,2026-03-20,3월 20일 (금) 행사 및 집회,2,0,0,https://www.spatic.go.kr/spatic/assem/getInfoView.do?mgrSeq=1747
1745,2026-03-19,2026-03-19,3월 19일 (목) 행사 및 집회,4,0,0,https://www.spatic.go.kr/spatic/assem/getInfoView.do?mgrSeq=1745
1743,2026-03-18,2026-03-18,3월 18일 (수) 행사 및 집회,5,0,0,https://www.spatic.go.kr/spatic/assem/getInfoView.do?mgrSeq=1743
1739,2026-03-17,2026-03-17,	3월 17일 (화) 행사 및 집회,5,0,0,https://www.spatic.go.kr/spatic/assem/getInfoView.do?mgrSeq=1739
1737,2026-03-16,2026-03-16,3월 16일 (월) 행사 및 집회,2,0,0,https://www.spatic.go.kr/spatic/assem/getInfoView.do?mgrSeq=1737
1735,2026-03-15,2026-03-15,3월 15일 (일) 행사 및 집회,6,0,1,https://www.spatic.go.kr/spatic/assem/getInfoView.do?mgrSeq=1735
1733,2026-03-14,2026-03-14,3월 14일 (토) 행사 및 집회,8,0,1,https://www.spatic.go.kr/spatic/assem/getInfoView.do?mgrSeq=1733
1731,2026-03-13,2026-03-13,3월 13일 (금) 행사 및 집회	,3,0,0,https://www.spatic.go.kr/spatic/assem/getInfoView.do?mgrSeq=1731
1729,2026-03-12,2026-03-12,3월 12일 (목) 행사 및 집회,3,0,0,https://www.spatic.go.kr/spatic/assem/getInfoView.do?mgrSeq=1729
1727,2026-03-11,2026-03-11,	3월 11일 (수) 행사 및 집회,4,0,0,https://www.spatic.go.kr/spatic/assem/getInfoView.do?mgrSeq=1727
1724,2026-03-10,2026-03-10,3월 10일 (화) 행사 및 집회	,4,2,0,https://www.spatic.go.kr/spatic/assem/getInfoView.do?mgrSeq=1724
1722,2026-03-09,2026-03-09,3월 09일 (월) 행사 및 집회,4,0,0,https://www.spatic.go.kr/spatic/assem/getInfoView.do?mgrSeq=1722
1720,2026-03-08,2026-03-08,3월 08일 (일) 행사 및 집회,5,0,0,https://www.spatic.go.kr/spatic/assem/getInfoView.do?mgrSeq=1720
1718,2026-03-07,2026-03-07,3월 07일 (토) 행사 및 집회,9,0,0,https://www.spatic.go.kr/spatic/assem/getInfoView.do?mgrSeq=1718
1716,2026-03-06,2026-03-06,3월 06일 (금) 행사 및 집회,3,2,0,https://www.spatic.go.kr/spatic/assem/getInfoView.do?mgrSeq=1716
1714,2026-03-05,2026-03-05,3월 05일 (목) 행사 및 집회,3,0,0,https://www.spatic.go.kr/spatic/assem/getInfoView.do?mgrSeq=1714
1712,2026-03-04,2026-03-04,3월 04일 (수) 행사 및 집회,3,0,0,https://www.spatic.go.kr/spatic/assem/getInfoView.do?mgrSeq=1712
1710,2026-03-03,2026-03-03,3월 03일 (화) 행사 및 집회,1,0,0,https://www.spatic.go.kr/spatic/assem/getInfoView.do?mgrSeq=1710
1708,2026-03-02,2026-03-02,3월 02일 (월) 행사 및 집회,3,0,1,https://www.spatic.go.kr/spatic/assem/getInfoView.do?mgrSeq=1708
1706,2026-03-01,2026-03-01,3월 01일 (일) 행사 및 집회,9,0,0,https://www.spatic.go.kr/spatic/assem/getInfoView.do?mgrSeq=1706
1704,2026-02-28,2026-02-28,2월 28일 (토) 행사 및 집회,9,0,0,https://www.spatic.go.kr/spatic/assem/getInfoView.do?mgrSeq=1704
1702,2026-02-27,2026-02-27,2월 27일 (금) 행사 및 집회,3,0,0,https://www.spatic.go.kr/spatic/assem/getInfoView.do?mgrSeq=1702
1700,2026-02-26,2026-02-26,2월 26일 (목) 행사 및 집회,2,0,0,https://www.spatic.go.kr/spatic/assem/getInfoView.do?mgrSeq=1700
1698,2026-02-25,2026-02-25,2월 25일 (수) 행사 및 집회,3,0,0,https://www.spatic.go.kr/spatic/assem/getInfoView.do?mgrSeq=1698
1696,2026-02-24,2026-02-24,2월 24일 (화) 행사 및 집회,2,0,0,https://www.spatic.go.kr/spatic/assem/getInfoView.do?mgrSeq=1696
1694,2026-02-23,2026-02-23,2월 23일 (월) 행사 및 집회,2,0,0,https://www.spatic.go.kr/spatic/assem/getInfoView.do?mgrSeq=1694
1692,2026-02-22,2026-02-22,2월 22일 (일) 행사 및 집회,3,0,0,https://www.spatic.go.kr/spatic/assem/getInfoView.do?mgrSeq=1692
1690,2026-02-21,2026-02-21,2월 21일 (토) 행사 및 집회,8,0,0,https://www.spatic.go.kr/spatic/assem/getInfoView.do?mgrSeq=1690
1688,2026-02-20,2026-02-20,2월 20일 (금) 행사 및 집회,1,0,0,https://www.spatic.go.kr/spatic/assem/getInfoView.do?mgrSeq=1688
1686,2026-02-19,2026-02-19,2월 19일 (목) 행사 및 집회,4,0,0,https://www.spatic.go.kr/spatic/assem/getInfoView.do?mgrSeq=1686
1684,2026-02-18,2026-02-18,2월 18일 (수) 행사 및 집회,3,0,0,https://www.spatic.go.kr/spatic/assem/getInfoView.do?mgrSeq=1684
1682,2026-02-17,2026-02-17,2월 17일 (화) 행사 및 집회,0,0,0,https://www.spatic.go.kr/spatic/assem/getInfoView.do?mgrSeq=1682
1680,2026-02-16,2026-02-16,2월 16일 (월) 행사 및 집회,0,0,0,https://www.spatic.go.kr/spatic/assem/getInfoView.do?mgrSeq=1680
1678,2026-02-16,2026-02-15,	2월 15일 (일) 행사 및 집회,2,0,0,https://www.spatic.go.kr/spatic/assem/getInfoView.do?mgrSeq=1678
1676,2026-02-14,2026-02-14,2월 14일 (토) 행사 및 집회,8,0,0,https://www.spatic.go.kr/spatic/assem/getInfoView.do?mgrSeq=1676
1674,2026-02-13,2026-02-13,2월 13일 (금) 행사 및 집회,4,0,0,https://www.spatic.go.kr/spatic/assem/getInfoView.do?mgrSeq=1674
1672,2026-02-12,2026-02-12,	2월 12일 (목) 행사 및 집회,2,0,0,https://www.spatic.go.kr/spatic/assem/getInfoView.do?mgrSeq=1672
1670,2026-02-11,2026-02-11,2월 11일 (수) 행사 및 집회,5,0,0,https://www.spatic.go.kr/spatic/assem/getInfoView.do?mgrSeq=1670
1668,2026-02-10,2026-02-10,2월 10일 (화) 행사 및 집회,3,0,0,https://www.spatic.go.kr/spatic/assem/getInfoView.do?mgrSeq=1668
1666,2026-02-09,2026-02-09,2월 9일 (월) 행사 및 집회,3,0,0,https://www.spatic.go.kr/spatic/assem/getInfoView.do?mgrSeq=1666
1664,2026-02-08,2026-02-08,2월 8일 (일) 행사 및 집회,3,0,0,https://www.spatic.go.kr/spatic/assem/getInfoView.do?mgrSeq=1664
1662,2026-02-07,2026-02-07,2월 7일 (토) 행사 및 집회,12,0,0,https://www.spatic.go.kr/spatic/assem/getInfoView.do?mgrSeq=1662
1660,2026-02-06,2026-02-06,2월 6일 (금) 행사 및 집회,4,0,0,https://www.spatic.go.kr/spatic/assem/getInfoView.do?mgrSeq=1660
1658,2026-02-05,2026-02-05,2월 5일 (목) 행사 및 집회	,2,0,0,https://www.spatic.go.kr/spatic/assem/getInfoView.do?mgrSeq=1658
1656,2026-02-04,2026-02-04,2월 4일 (수) 행사 및 집회,4,0,0,https://www.spatic.go.kr/spatic/assem/getInfoView.do?mgrSeq=1656
1654,2026-02-03,2026-02-03,2월 3일 (화) 행사 및 집회	,2,0,0,https://www.spatic.go.kr/spatic/assem/getInfoView.do?mgrSeq=1654
1652,2026-02-02,2026-02-02,2월 2일 (월) 행사 및 집회,3,0,0,https://www.spatic.go.kr/spatic/assem/getInfoView.do?mgrSeq=1652
1650,2026-02-01,2026-02-01,2월 1일 (일) 행사 및 집회,5,0,0,https://www.spatic.go.kr/spatic/assem/getInfoView.do?mgrSeq=1650
1648,2026-01-31,2026-01-31,1월 31일 (토) 행사 및 집회,8,0,0,https://www.spatic.go.kr/spatic/assem/getInfoView.do?mgrSeq=1648
1646,2026-01-30,2026-01-30,1월 30일 (금) 행사 및 집회,5,0,0,https://www.spatic.go.kr/spatic/assem/getInfoView.do?mgrSeq=1646
1644,2026-01-29,2026-01-29,1월 29일 (목) 행사 및 집회,3,0,0,https://www.spatic.go.kr/spatic/assem/getInfoView.do?mgrSeq=1644
1642,2026-01-28,2026-01-28,1월 28일 (수) 행사 및 집회	,3,0,0,https://www.spatic.go.kr/spatic/assem/getInfoView.do?mgrSeq=1642
1640,2026-01-27,2026-01-27,1월 27일 (화) 행사 및 집회,1,0,0,https://www.spatic.go.kr/spatic/assem/getInfoView.do?mgrSeq=1640
1638,2026-01-26,2026-01-26,1월 26일 (월) 행사 및 집회,3,0,0,https://www.spatic.go.kr/spatic/assem/getInfoView.do?mgrSeq=1638
1636,2026-01-25,2026-01-25,1월 25일 (일) 행사 및 집회,2,0,0,https://www.spatic.go.kr/spatic/assem/getInfoView.do?mgrSeq=1636
1634,2026-01-24,2026-01-24,1월 24일 (토) 행사 및 집회,10,0,0,https://www.spatic.go.kr/spatic/assem/getInfoView.do?mgrSeq=1634
1632,2026-01-23,2026-01-23,1월 23일 (금) 행사 및 집회,1,0,0,https://www.spatic.go.kr/spatic/assem/getInfoView.do?mgrSeq=1632
1630,2026-01-22,2026-01-22,1월 22일 (목) 행사 및 집회,4,0,0,https://www.spatic.go.kr/spatic/assem/getInfoView.do?mgrSeq=1630
1628,2026-01-21,2026-01-21,1월 21일 (수) 행사 및 집회,4,1,0,https://www.spatic.go.kr/spatic/assem/getInfoView.do?mgrSeq=1628
1626,2026-01-20,2026-01-20,1월 20일 (화) 행사 및 집회,3,0,0,https://www.spatic.go.kr/spatic/assem/getInfoView.do?mgrSeq=1626
1624,2026-01-19,2026-01-19,1월 19일 (월) 행사 및 집회	,2,0,0,https://www.spatic.go.kr/spatic/assem/getInfoView.do?mgrSeq=1624
1622,2026-01-18,2026-01-18,1월 18일 (일) 행사 및 집회	,4,0,0,https://www.spatic.go.kr/spatic/assem/getInfoView.do?mgrSeq=1622
1620,2026-01-17,2026-01-17,1월 17일 (토) 행사 및 집회,9,0,0,https://www.spatic.go.kr/spatic/assem/getInfoView.do?mgrSeq=1620
1618,2026-01-16,2026-01-16,1월 16일 (금) 행사 및 집회,2,0,0,https://www.spatic.go.kr/spatic/assem/getInfoView.do?mgrSeq=1618
1616,2026-01-15,2026-01-15,1월 15일 (목) 행사 및 집회,4,0,0,https://www.spatic.go.kr/spatic/assem/getInfoView.do?mgrSeq=1616
1614,2026-01-14,2026-01-14,1월 14일 (수) 행사 및 집회,5,0,0,https://www.spatic.go.kr/spatic/assem/getInfoView.do?mgrSeq=1614
1612,2026-01-13,2026-01-13,1월 13일 (화) 행사 및 집회,3,0,0,https://www.spatic.go.kr/spatic/assem/getInfoView.do?mgrSeq=1612
1610,2026-01-12,2026-01-12,1월 12일 (월) 행사 및 집회,4,0,0,https://www.spatic.go.kr/spatic/assem/getInfoView.do?mgrSeq=1610
1608,2026-01-11,2026-01-11,1월 11일 (일) 행사 및 집회,2,0,0,https://www.spatic.go.kr/spatic/assem/getInfoView.do?mgrSeq=1608
1606,2026-01-10,2026-01-10,1월 10일 (토) 행사 및 집회,10,0,0,https://www.spatic.go.kr/spatic/assem/getInfoView.do?mgrSeq=1606
1604,2026-01-09,2026-01-09,1월 9일 (금) 행사 및 집회,2,0,0,https://www.spatic.go.kr/spatic/assem/getInfoView.do?mgrSeq=1604
1602,2026-01-08,2026-01-08,1월 8일 (목) 행사 및 집회,2,0,0,https://www.spatic.go.kr/spatic/assem/getInfoView.do?mgrSeq=1602
1600,2026-01-07,2026-01-07,	1월 7일 (수) 행사 및 집회,4,0,0,https://www.spatic.go.kr/spatic/assem/getInfoView.do?mgrSeq=1600
1598,2026-01-06,2026-01-06,1월 6일 (화) 행사 및 집회,4,0,0,https://www.spatic.go.kr/spatic/assem/getInfoView.do?mgrSeq=1598
1596,2026-01-05,2026-01-05,1월 5일 (월) 행사 및 집회,3,0,0,https://www.spatic.go.kr/spatic/assem/getInfoView.do?mgrSeq=1596
1594,2026-01-04,2026-01-04,1월 4일 (일) 행사 및 집회,3,0,0,https://www.spatic.go.kr/spatic/assem/getInfoView.do?mgrSeq=1594
1592,2026-01-03,2026-01-03,1월 3일 (토) 행사 및 집회,7,0,0,https://www.spatic.go.kr/spatic/assem/getInfoView.do?mgrSeq=1592
1590,2026-01-02,2026-01-02,1월 2일 (금) 행사 및 집회,3,0,0,https://www.spatic.go.kr/spatic/assem/getInfoView.do?mgrSeq=1590
1588,2026-01-01,2026-01-01,1월 1일 (목) 행사 및 집회,0,0,0,https://www.spatic.go.kr/spatic/assem/getInfoView.do?mgrSeq=1588
1586,2025-12-31,2025-12-31,12월 31일 (수) 행사 및 집회,3,0,0,https://www.spatic.go.kr/spatic/assem/getInfoView.do?mgrSeq=1586
1584,2025-12-30,2025-12-30,12월 30일 (화) 행사 및 집회,3,0,0,https://www.spatic.go.kr/spatic/assem/getInfoView.do?mgrSeq=1584
1582,2025-12-29,2025-12-29,12월 29일 (월) 행사 및 집회,3,0,0,https://www.spatic.go.kr/spatic/assem/getInfoView.do?mgrSeq=1582
1580,2025-12-28,2025-12-28,12월 28일 (일) 행사 및 집회,5,0,0,https://www.spatic.go.kr/spatic/assem/getInfoView.do?mgrSeq=1580
1578,2025-12-27,2025-12-27,12월 27일 (토) 행사 및 집회,9,0,0,https://www.spatic.go.kr/spatic/assem/getInfoView.do?mgrSeq=1578
1576,2025-12-26,2025-12-26,12월 26일 (금) 행사 및 집회	,1,0,0,https://www.spatic.go.kr/spatic/assem/getInfoView.do?mgrSeq=1576
1574,2025-12-25,2025-12-25,12월 25일 (목) 행사 및 집회,2,0,0,https://www.spatic.go.kr/spatic/assem/getInfoView.do?mgrSeq=1574
1572,2025-12-24,2025-12-24,12월 24일 (수) 행사 및 집회,3,0,0,https://www.spatic.go.kr/spatic/assem/getInfoView.do?mgrSeq=1572
1570,2025-12-23,2025-12-23,12월 23일 (화) 행사 및 집회,3,0,0,https://www.spatic.go.kr/spatic/assem/getInfoView.do?mgrSeq=1570
1568,2025-12-22,2025-12-22,12월 22일 (월) 행사 및 집회,3,0,0,https://www.spatic.go.kr/spatic/assem/getInfoView.do?mgrSeq=1568
1566,2025-12-21,2025-12-21,12월 21일 (일) 행사 및 집회,2,0,0,https://www.spatic.go.kr/spatic/assem/getInfoView.do?mgrSeq=1566
1564,2025-12-20,2025-12-20,12월 20일 (토) 행사 및 집회,10,0,0,https://www.spatic.go.kr/spatic/assem/getInfoView.do?mgrSeq=1564
1562,2025-12-19,2025-12-19,12월 19일 (금) 행사 및 집회,3,0,0,https://www.spatic.go.kr/spatic/assem/getInfoView.do?mgrSeq=1562
1560,2025-12-18,2025-12-18,12월 18일 (목) 행사 및 집회,3,0,0,https://www.spatic.go.kr/spatic/assem/getInfoView.do?mgrSeq=1560
1558,2025-12-17,2025-12-17,12월 17일 (수) 행사 및 집회,4,0,0,https://www.spatic.go.kr/spatic/assem/getInfoView.do?mgrSeq=1558
1556,2025-12-16,2025-12-16,12월 16일 (화) 행사 및 집회,4,0,0,https://www.spatic.go.kr/spatic/assem/getInfoView.do?mgrSeq=1556
1554,2025-12-15,2025-12-15,12월 15일 (월) 행사 및 집회,2,0,0,https://www.spatic.go.kr/spatic/assem/getInfoView.do?mgrSeq=1554
1552,2025-12-14,2025-12-14,12월 14일 (일) 행사 및 집회,4,0,0,https://www.spatic.go.kr/spatic/assem/getInfoView.do?mgrSeq=1552
1550,2025-12-13,2025-12-13,12월 13일 (토) 행사 및 집회,12,0,0,https://www.spatic.go.kr/spatic/assem/getInfoView.do?mgrSeq=1550
1548,2025-12-12,2025-12-12,12월 12일 (금) 행사 및 집회,5,0,0,https://www.spatic.go.kr/spatic/assem/getInfoView.do?mgrSeq=1548
1546,2025-12-11,2025-12-11,12월 11일 (목) 행사 및 집회,3,0,0,https://www.spatic.go.kr/spatic/assem/getInfoView.do?mgrSeq=1546
1544,2025-12-10,2025-12-10,12월 10일 (수) 행사 및 집회,6,0,0,https://www.spatic.go.kr/spatic/assem/getInfoView.do?mgrSeq=1544
1542,2025-12-09,2025-12-09,12월 09일 (화) 행사 및 집회,3,0,0,https://www.spatic.go.kr/spatic/assem/getInfoView.do?mgrSeq=1542
1540,2025-12-08,2025-12-08,12월 08일 (월) 행사 및 집회,3,0,0,https://www.spatic.go.kr/spatic/assem/getInfoView.do?mgrSeq=1540
1538,2025-12-07,2025-12-07,12월 07일 (일) 행사 및 집회,2,0,0,https://www.spatic.go.kr/spatic/assem/getInfoView.do?mgrSeq=1538
1536,2025-12-06,2025-12-06,12월 06일 (토) 행사 및 집회,8,0,0,https://www.spatic.go.kr/spatic/assem/getInfoView.do?mgrSeq=1536
1534,2025-12-05,2025-12-05,12월 05일 (금) 행사 및 집회,3,0,0,https://www.spatic.go.kr/spatic/assem/getInfoView.do?mgrSeq=1534
1532,2025-12-04,2025-12-04,12월 04일 (목) 행사 및 집회,5,0,0,https://www.spatic.go.kr/spatic/assem/getInfoView.do?mgrSeq=1532
1530,2025-12-03,2025-12-03,12월 03일 (수) 행사 및 집회,4,1,0,https://www.spatic.go.kr/spatic/assem/getInfoView.do?mgrSeq=1530
1528,2025-12-02,2025-12-02,12월 02일 (화) 행사 및 집회	,4,0,0,https://www.spatic.go.kr/spatic/assem/getInfoView.do?mgrSeq=1528
1526,2025-12-01,2025-12-01,12월 01일 (월) 행사 및 집회,3,0,0,https://www.spatic.go.kr/spatic/assem/getInfoView.do?mgrSeq=1526
1524,2025-11-30,2025-11-30,11월 30일 (일) 행사 및 집회,4,0,1,https://www.spatic.go.kr/spatic/assem/getInfoView.do?mgrSeq=1524
1522,2025-11-29,2025-11-29,11월 29일 (토) 행사 및 집회,11,0,0,https://www.spatic.go.kr/spatic/assem/getInfoView.do?mgrSeq=1522
1520,2025-11-28,2025-11-28,11월 28일 (금) 행사 및 집회,2,0,0,https://www.spatic.go.kr/spatic/assem/getInfoView.do?mgrSeq=1520
1518,2025-11-27,2025-11-27,11월 27일 (목) 행사 및 집회,4,0,0,https://www.spatic.go.kr/spatic/assem/getInfoView.do?mgrSeq=1518
1516,2025-11-26,2025-11-26,11월 26일 (수) 행사 및 집회,5,0,0,https://www.spatic.go.kr/spatic/assem/getInfoView.do?mgrSeq=1516
1514,2025-11-25,2025-11-25,11월 25일 (화) 행사 및 집회,4,0,0,https://www.spatic.go.kr/spatic/assem/getInfoView.do?mgrSeq=1514
1512,2025-11-24,2025-11-24,11월 24일 (월) 행사 및 집회,2,0,0,https://www.spatic.go.kr/spatic/assem/getInfoView.do?mgrSeq=1512
1510,2025-11-23,2025-11-23,11월 23일 (일) 행사 및 집회,5,0,1,https://www.spatic.go.kr/spatic/assem/getInfoView.do?mgrSeq=1510
1508,2025-11-22,2025-11-22,11월 22일 (토) 행사 및 집회,11,3,0,https://www.spatic.go.kr/spatic/assem/getInfoView.do?mgrSeq=1508
1506,2025-11-21,2025-11-21,11월 21일 (금) 행사 및 집회,1,0,0,https://www.spatic.go.kr/spatic/assem/getInfoView.do?mgrSeq=1506
1504,2025-11-20,2025-11-20,11월 20일 (목) 행사 및 집회,3,1,0,https://www.spatic.go.kr/spatic/assem/getInfoView.do?mgrSeq=1504
1502,2025-11-19,2025-11-19,11월 19일 (수) 행사 및 집회,6,0,0,https://www.spatic.go.kr/spatic/assem/getInfoView.do?mgrSeq=1502
1500,2025-11-18,2025-11-18,11월 18일 (화) 행사 및 집회,4,0,0,https://www.spatic.go.kr/spatic/assem/getInfoView.do?mgrSeq=1500
1497,2025-11-17,2025-01-17,1월 17일 (월) 행사 및 집회,4,0,0,https://www.spatic.go.kr/spatic/assem/getInfoView.do?mgrSeq=1497
1495,2025-11-16,2025-11-16,11월 16일 (일) 행사 및 집회,1,0,0,https://www.spatic.go.kr/spatic/assem/getInfoView.do?mgrSeq=1495
1493,2025-11-15,2025-11-15,11월 15일 (토) 행사 및 집회,15,0,1,https://www.spatic.go.kr/spatic/assem/getInfoView.do?mgrSeq=1493
1489,2025-11-14,2025-11-14,11월 14일 (금) 행사 및 집회,3,0,0,https://www.spatic.go.kr/spatic/assem/getInfoView.do?mgrSeq=1489
1485,2025-11-13,2025-11-13,11월 13일 (목) 행사 및 집회,4,0,0,https://www.spatic.go.kr/spatic/assem/getInfoView.do?mgrSeq=1485
1482,2025-11-12,2025-11-12,11월 12일 (수) 행사 및 집회	,3,0,0,https://www.spatic.go.kr/spatic/assem/getInfoView.do?mgrSeq=1482
1479,2025-11-11,2025-11-11,11월 11일 (화) 행사 및 집회,2,0,0,https://www.spatic.go.kr/spatic/assem/getInfoView.do?mgrSeq=1479
1475,2025-11-10,2025-11-10,11월 10일 (월) 행사 및 집회,2,0,0,https://www.spatic.go.kr/spatic/assem/getInfoView.do?mgrSeq=1475
1471,2025-11-09,2025-11-09,11월 09일 (일) 행사 및 집회,2,0,3,https://www.spatic.go.kr/spatic/assem/getInfoView.do?mgrSeq=1471
1466,2025-11-08,2025-11-08,11월 08일 (토) 행사 및 집회,8,10,1,https://www.spatic.go.kr/spatic/assem/getInfoView.do?mgrSeq=1466
1464,2025-11-07,2025-11-07,11월 07일 (금) 행사 및 집회	,3,0,0,https://www.spatic.go.kr/spatic/assem/getInfoView.do?mgrSeq=1464
1462,2025-11-06,2025-11-06,11월 06일 (목) 행사 및 집회,5,0,0,https://www.spatic.go.kr/spatic/assem/getInfoView.do?mgrSeq=1462
1457,2025-11-05,2025-11-05,11월 05일 (수) 행사 및 집회,2,0,0,https://www.spatic.go.kr/spatic/assem/getInfoView.do?mgrSeq=1457
1454,2025-11-04,2025-11-04,11월 04일 (화) 행사 및 집회,4,0,0,https://www.spatic.go.kr/spatic/assem/getInfoView.do?mgrSeq=1454
1451,2025-11-03,2025-11-03,11월 03일 (월) 행사 및 집회,2,0,0,https://www.spatic.go.kr/spatic/assem/getInfoView.do?mgrSeq=1451
1447,2025-11-02,2025-11-02,11월 02일 (일) 행사 및 집회,4,0,1,https://www.spatic.go.kr/spatic/assem/getInfoView.do?mgrSeq=1447
1445,2025-11-01,2025-11-01,11월 01일 (토) 행사 및 집회,11,0,0,https://www.spatic.go.kr/spatic/assem/getInfoView.do?mgrSeq=1445
1443,2025-10-31,2025-10-31,10월 31일 (금) 행사 및 집회,3,0,0,https://www.spatic.go.kr/spatic/assem/getInfoView.do?mgrSeq=1443
1441,2025-10-30,2025-10-30,10월 30일 (목) 행사 및 집회,2,0,0,https://www.spatic.go.kr/spatic/assem/getInfoView.do?mgrSeq=1441
1436,2025-10-29,2025-10-29,10월 29일 (수) 행사 및 집회,4,0,0,https://www.spatic.go.kr/spatic/assem/getInfoView.do?mgrSeq=1436
1433,2025-10-28,2025-10-28,10월 28일 (화) 행사 및 집회,5,0,0,https://www.spatic.go.kr/spatic/assem/getInfoView.do?mgrSeq=1433
1424,2025-10-27,2025-10-27,10월 27일 (월) 행사 및 집회,5,0,0,https://www.spatic.go.kr/spatic/assem/getInfoView.do?mgrSeq=1424
1421,2025-10-26,2025-10-26,10월 26일 (일) 행사 및 집회,3,0,3,https://www.spatic.go.kr/spatic/assem/getInfoView.do?mgrSeq=1421
1419,2025-10-25,2025-10-25,10월 25일 (토) 행사 및 집회,12,0,8,https://www.spatic.go.kr/spatic/assem/getInfoView.do?mgrSeq=1419
1415,2025-10-24,2025-10-24,10월 24일 (금) 행사 및 집회,3,0,0,https://www.spatic.go.kr/spatic/assem/getInfoView.do?mgrSeq=1415
1411,2025-10-23,2025-10-23,10월 23일 (목) 행사 및 집회,2,0,0,https://www.spatic.go.kr/spatic/assem/getInfoView.do?mgrSeq=1411
1409,2025-10-22,2025-10-22,10월 22일 (수) 행사 및 집회,4,0,0,https://www.spatic.go.kr/spatic/assem/getInfoView.do?mgrSeq=1409
1404,2025-10-21,2025-10-21,10월 21일 (화) 행사 및 집회,4,0,0,https://www.spatic.go.kr/spatic/assem/getInfoView.do?mgrSeq=1404
1402,2025-10-20,2025-10-20,10월 20일 (월) 행사 및 집회,3,2,0,https://www.spatic.go.kr/spatic/assem/getInfoView.do?mgrSeq=1402
1400,2025-10-19,2025-10-19,10월 19일 (일) 행사 및 집회,4,0,1,https://www.spatic.go.kr/spatic/assem/getInfoView.do?mgrSeq=1400
1398,2025-10-18,2025-10-18,10월 18일 (토) 행사 및 집회,14,0,2,https://www.spatic.go.kr/spatic/assem/getInfoView.do?mgrSeq=1398
1396,2025-10-17,2025-10-17,10월 17일 (금) 행사 및 집회,3,0,0,https://www.spatic.go.kr/spatic/assem/getInfoView.do?mgrSeq=1396
1394,2025-10-16,2025-10-16,10월 16일 (목) 행사 및 집회,4,0,0,https://www.spatic.go.kr/spatic/assem/getInfoView.do?mgrSeq=1394
1392,2025-10-15,2025-10-15,10월 15일 (수) 행사 및 집회,3,0,0,https://www.spatic.go.kr/spatic/assem/getInfoView.do?mgrSeq=1392
1389,2025-10-14,2025-10-14,10월 14일 (화) 행사 및 집회,5,0,0,https://www.spatic.go.kr/spatic/assem/getInfoView.do?mgrSeq=1389
1387,2025-10-13,2025-10-13,10월 13일 (월) 행사 및 집회,3,0,0,https://www.spatic.go.kr/spatic/assem/getInfoView.do?mgrSeq=1387
1385,2025-10-12,2025-10-12,10월 12일 (일) 행사 및 집회,1,0,1,https://www.spatic.go.kr/spatic/assem/getInfoView.do?mgrSeq=1385
1383,2025-10-11,2025-10-11,10월 11일 (토) 행사 및 집회,6,0,1,https://www.spatic.go.kr/spatic/assem/getInfoView.do?mgrSeq=1383
1380,2025-10-10,2025-10-10,10월 10일 (금) 행사 및 집회,4,0,0,https://www.spatic.go.kr/spatic/assem/getInfoView.do?mgrSeq=1380
1378,2025-10-09,2025-10-09,10월 9일 (목) 행사 및 집회,3,0,0,https://www.spatic.go.kr/spatic/assem/getInfoView.do?mgrSeq=1378
1376,2025-10-08,2025-10-08,10월 8일 (수) 행사 및 집회,1,0,0,https://www.spatic.go.kr/spatic/assem/getInfoView.do?mgrSeq=1376
1374,2025-10-07,2025-10-07,10월 7일 (화) 행사 및 집회,2,0,0,https://www.spatic.go.kr/spatic/assem/getInfoView.do?mgrSeq=1374
1372,2025-10-06,2025-10-06,10월 6일 (월) 행사 및 집회,0,0,1,https://www.spatic.go.kr/spatic/assem/getInfoView.do?mgrSeq=1372
1370,2025-10-05,2025-10-05,10월 5일 (일) 행사 및 집회,2,0,0,https://www.spatic.go.kr/spatic/assem/getInfoView.do?mgrSeq=1370
1368,2025-10-04,2025-10-04,10월 4일 (토) 행사 및 집회,7,0,0,https://www.spatic.go.kr/spatic/assem/getInfoView.do?mgrSeq=1368
1365,2025-10-03,2025-10-03,10월 3일 (금) 행사 및 집회,9,0,1,https://www.spatic.go.kr/spatic/assem/getInfoView.do?mgrSeq=1365
1364,2025-10-02,2025-10-02,10월 2일 (목) 행사 및 집회,6,0,0,https://www.spatic.go.kr/spatic/assem/getInfoView.do?mgrSeq=1364
1362,2025-10-01,2025-10-01,10월 1일 (수) 행사 및 집회,5,0,0,https://www.spatic.go.kr/spatic/assem/getInfoView.do?mgrSeq=1362
1360,2025-09-30,2025-09-30,9월 30일 (화) 행사 및 집회,4,0,0,https://www.spatic.go.kr/spatic/assem/getInfoView.do?mgrSeq=1360
1358,2025-09-29,2025-09-29,9월 29일 (월) 행사 및 집회,3,0,0,https://www.spatic.go.kr/spatic/assem/getInfoView.do?mgrSeq=1358
1356,2025-09-28,2025-09-28,9월 28일 (일) 행사 및 집회,4,0,1,https://www.spatic.go.kr/spatic/assem/getInfoView.do?mgrSeq=1356
1354,2025-09-27,2025-09-27,9월 27일 (토) 행사 및 집회,7,4,1,https://www.spatic.go.kr/spatic/assem/getInfoView.do?mgrSeq=1354
1352,2025-09-26,2025-09-26,9월 26일 (금) 행사 및 집회	,9,0,0,https://www.spatic.go.kr/spatic/assem/getInfoView.do?mgrSeq=1352
1350,2025-09-25,2025-09-25,9월 25일 (목) 행사 및 집회,6,0,0,https://www.spatic.go.kr/spatic/assem/getInfoView.do?mgrSeq=1350
1348,2025-09-24,2025-09-24,9월 24일 (수) 행사 및 집회	,5,0,0,https://www.spatic.go.kr/spatic/assem/getInfoView.do?mgrSeq=1348
1346,2025-09-23,2025-09-23,9월 23일 (화) 행사 및 집회	,4,0,0,https://www.spatic.go.kr/spatic/assem/getInfoView.do?mgrSeq=1346
1344,2025-09-22,2025-09-22,9월 22일 (월) 행사 및 집회,1,0,0,https://www.spatic.go.kr/spatic/assem/getInfoView.do?mgrSeq=1344
1342,2025-09-21,2025-09-21,9월 21일 (일) 행사 및 집회,3,0,0,https://www.spatic.go.kr/spatic/assem/getInfoView.do?mgrSeq=1342
1340,2025-09-20,2025-09-20,9월 20일 (토) 행사 및 집회	,10,0,3,https://www.spatic.go.kr/spatic/assem/getInfoView.do?mgrSeq=1340
1338,2025-09-19,2025-09-19,9월 19일 (금) 행사 및 집회,3,0,0,https://www.spatic.go.kr/spatic/assem/getInfoView.do?mgrSeq=1338
1334,2025-09-18,2025-09-18,9월 18일 (목) 행사 및 집회,6,0,0,https://www.spatic.go.kr/spatic/assem/getInfoView.do?mgrSeq=1334
1332,2025-09-17,2025-09-17,9월 17일 (수) 행사 및 집회,3,1,0,https://www.spatic.go.kr/spatic/assem/getInfoView.do?mgrSeq=1332
1329,2025-09-16,2025-09-16,	9월 16일 (화) 행사 및 집회,7,0,0,https://www.spatic.go.kr/spatic/assem/getInfoView.do?mgrSeq=1329
1320,2025-09-15,2025-09-15,9월 15일 (월) 행사 및 집회,3,0,0,https://www.spatic.go.kr/spatic/assem/getInfoView.do?mgrSeq=1320
1313,2025-09-14,2025-09-14,9월 14일 (일) 행사 및 집회,5,0,1,https://www.spatic.go.kr/spatic/assem/getInfoView.do?mgrSeq=1313
1311,2025-09-13,2025-09-13,9월 13일 (토) 행사 및 집회,13,3,2,https://www.spatic.go.kr/spatic/assem/getInfoView.do?mgrSeq=1311
1308,2025-09-12,2025-09-12,9월 12일 (금) 행사 및 집회,5,0,0,https://www.spatic.go.kr/spatic/assem/getInfoView.do?mgrSeq=1308
1306,2025-09-11,2025-09-11,9월 11일 (목) 행사 및 집회,4,0,0,https://www.spatic.go.kr/spatic/assem/getInfoView.do?mgrSeq=1306
1304,2025-09-10,2025-09-10,9월 10일 (수) 행사 및 집회,5,0,0,https://www.spatic.go.kr/spatic/assem/getInfoView.do?mgrSeq=1304
1301,2025-09-09,2025-09-09,9월 9일 (화) 행사 및 집회,4,0,0,https://www.spatic.go.kr/spatic/assem/getInfoView.do?mgrSeq=1301
1291,2025-09-08,2025-09-08,9월 8일 (월) 행사 및 집회,4,0,0,https://www.spatic.go.kr/spatic/assem/getInfoView.do?mgrSeq=1291
1287,2025-09-07,2025-09-07,9월 7일 (일) 행사 및 집회,3,0,3,https://www.spatic.go.kr/spatic/assem/getInfoView.do?mgrSeq=1287
1285,2025-09-06,2025-09-06,9월 6일 (토) 행사 및 집회,9,0,0,https://www.spatic.go.kr/spatic/assem/getInfoView.do?mgrSeq=1285
1283,2025-09-05,2025-09-05,9월 5일 (금) 행사 및 집회	,5,0,0,https://www.spatic.go.kr/spatic/assem/getInfoView.do?mgrSeq=1283
1277,2025-09-04,2025-09-04,9월 4일 (목) 행사 및 집회	,5,0,0,https://www.spatic.go.kr/spatic/assem/getInfoView.do?mgrSeq=1277
1272,2025-09-03,2025-09-03,9월 3일 (수) 행사 및 집회,2,0,0,https://www.spatic.go.kr/spatic/assem/getInfoView.do?mgrSeq=1272
1265,2025-09-02,2025-09-02,9월 2일 (화) 행사 및 집회	,2,0,0,https://www.spatic.go.kr/spatic/assem/getInfoView.do?mgrSeq=1265
1263,2025-09-01,2025-09-01,9월 1일 (월) 행사 및 집회,1,0,0,https://www.spatic.go.kr/spatic/assem/getInfoView.do?mgrSeq=1263
1256,2025-08-31,2025-08-31,8월 31일 (일) 행사 및 집회,2,0,0,https://www.spatic.go.kr/spatic/assem/getInfoView.do?mgrSeq=1256
1254,2025-08-30,2025-08-30,8월 30일 (토) 행사 및 집회,9,0,0,https://www.spatic.go.kr/spatic/assem/getInfoView.do?mgrSeq=1254
1252,2025-08-29,2025-08-29,8월 29일 (금) 행사 및 집회,2,0,0,https://www.spatic.go.kr/spatic/assem/getInfoView.do?mgrSeq=1252
1247,2025-08-28,2025-08-28,8월 28일 (목) 행사 및 집회,5,0,0,https://www.spatic.go.kr/spatic/assem/getInfoView.do?mgrSeq=1247
1245,2025-08-27,2025-08-27,8월 27일 (수) 행사 및 집회,5,0,0,https://www.spatic.go.kr/spatic/assem/getInfoView.do?mgrSeq=1245
1242,2025-08-26,2025-08-26,8월 26일 (화) 행사 및 집회,3,0,0,https://www.spatic.go.kr/spatic/assem/getInfoView.do?mgrSeq=1242
1238,2025-08-25,2025-08-25,8월 25일 (월) 행사 및 집회,3,0,0,https://www.spatic.go.kr/spatic/assem/getInfoView.do?mgrSeq=1238
1235,2025-08-24,2025-08-24,8월 24일 (일) 행사 및 집회,3,0,0,https://www.spatic.go.kr/spatic/assem/getInfoView.do?mgrSeq=1235
1233,2025-08-23,2025-08-23,8월 23일 (토) 행사 및 집회,8,0,0,https://www.spatic.go.kr/spatic/assem/getInfoView.do?mgrSeq=1233
1223,2025-08-22,2025-08-22,8월 22일 (금) 행사 및 집회,4,0,0,https://www.spatic.go.kr/spatic/assem/getInfoView.do?mgrSeq=1223
1198,2025-08-21,2025-08-21,8월 21일 (목) 행사 및 집회,4,0,0,https://www.spatic.go.kr/spatic/assem/getInfoView.do?mgrSeq=1198
1191,2025-08-20,2025-08-20,8월 20일 (수) 행사 및 집회	,2,0,0,https://www.spatic.go.kr/spatic/assem/getInfoView.do?mgrSeq=1191
1187,2025-08-19,2025-08-19,8월 19일 (화) 행사 및 집회,3,0,0,https://www.spatic.go.kr/spatic/assem/getInfoView.do?mgrSeq=1187
1185,2025-08-18,2025-08-18,8월 18일 (월) 행사 및 집회,3,0,0,https://www.spatic.go.kr/spatic/assem/getInfoView.do?mgrSeq=1185
1183,2025-08-17,2025-08-17,8월 17일 (일) 행사 및 집회,6,0,0,https://www.spatic.go.kr/spatic/assem/getInfoView.do?mgrSeq=1183
1177,2025-08-16,2025-08-16,8월 16일 (토) 행사 및 집회,7,0,0,https://www.spatic.go.kr/spatic/assem/getInfoView.do?mgrSeq=1177
1175,2025-08-15,2025-08-15,8월 15일 (금) 행사 및 집회,8,8,1,https://www.spatic.go.kr/spatic/assem/getInfoView.do?mgrSeq=1175
1173,2025-08-14,2025-08-14,8월 14일 (목) 행사 및 집회,7,0,0,https://www.spatic.go.kr/spatic/assem/getInfoView.do?mgrSeq=1173
1171,2025-08-13,2025-08-13,8월 13일 (수) 행사 및 집회,5,0,0,https://www.spatic.go.kr/spatic/assem/getInfoView.do?mgrSeq=1171
1169,2025-08-12,2025-08-12,8월 12일 (화) 행사 및 집회,7,0,0,https://www.spatic.go.kr/spatic/assem/getInfoView.do?mgrSeq=1169
1167,2025-08-11,2025-08-11,8월 11일 (월) 행사 및 집회,3,0,0,https://www.spatic.go.kr/spatic/assem/getInfoView.do?mgrSeq=1167
1165,2025-08-10,2025-08-10,8월 10일 (일) 행사 및 집회,4,0,0,https://www.spatic.go.kr/spatic/assem/getInfoView.do?mgrSeq=1165
1163,2025-08-09,2025-08-09,8월 9일 (토) 행사 및 집회,7,0,0,https://www.spatic.go.kr/spatic/assem/getInfoView.do?mgrSeq=1163
1161,2025-08-08,2025-08-08,8월 8일 (금) 행사 및 집회,2,0,0,https://www.spatic.go.kr/spatic/assem/getInfoView.do?mgrSeq=1161
1159,2025-08-07,2025-08-07,8월 7일 (목) 행사 및 집회,4,0,0,https://www.spatic.go.kr/spatic/assem/getInfoView.do?mgrSeq=1159
1157,2025-08-06,2025-08-06,8월 6일 (수) 행사 및 집회,3,0,0,https://www.spatic.go.kr/spatic/assem/getInfoView.do?mgrSeq=1157
1155,2025-08-05,2025-08-05,8월 5일 (화) 행사 및 집회,4,0,0,https://www.spatic.go.kr/spatic/assem/getInfoView.do?mgrSeq=1155
1153,2025-08-04,2025-08-04,8월 4일 (월) 행사 및 집회,1,0,0,https://www.spatic.go.kr/spatic/assem/getInfoView.do?mgrSeq=1153
1151,2025-08-03,2025-08-03,8월 3일 (일) 행사 및 집회,3,0,0,https://www.spatic.go.kr/spatic/assem/getInfoView.do?mgrSeq=1151
1149,2025-08-02,2025-08-02,8월 2일 (토) 행사 및 집회,5,0,0,https://www.spatic.go.kr/spatic/assem/getInfoView.do?mgrSeq=1149
1147,2025-08-01,2025-08-01,8월 1일 (금) 행사 및 집회,3,0,0,https://www.spatic.go.kr/spatic/assem/getInfoView.do?mgrSeq=1147
1145,2025-07-31,2025-07-31,7월 31일 (목) 행사 및 집회,3,0,0,https://www.spatic.go.kr/spatic/assem/getInfoView.do?mgrSeq=1145
1143,2025-07-30,2025-07-30,7월 30일 (수) 행사 및 집회,3,0,0,https://www.spatic.go.kr/spatic/assem/getInfoView.do?mgrSeq=1143
1141,2025-07-29,2025-07-29,7월 29일 (화) 행사 및 집회,3,0,0,https://www.spatic.go.kr/spatic/assem/getInfoView.do?mgrSeq=1141
1139,2025-07-28,2025-07-28,7월 28일 (월) 행사 및 집회,5,0,0,https://www.spatic.go.kr/spatic/assem/getInfoView.do?mgrSeq=1139
1137,2025-07-27,2025-07-27,7월 27일 (일) 행사 및 집회,5,0,0,https://www.spatic.go.kr/spatic/assem/getInfoView.do?mgrSeq=1137
1135,2025-07-26,2025-07-26,7월 26일 (토) 행사 및 집회,10,0,0,https://www.spatic.go.kr/spatic/assem/getInfoView.do?mgrSeq=1135
1133,2025-07-25,2025-07-25,7월 25일 (금) 행사 및 집회,4,0,0,https://www.spatic.go.kr/spatic/assem/getInfoView.do?mgrSeq=1133
1129,2025-07-24,2025-07-24,7월 24일 (목) 행사 및 집회,5,0,0,https://www.spatic.go.kr/spatic/assem/getInfoView.do?mgrSeq=1129
1127,2025-07-23,2025-07-23,7월 23일 (수) 행사 및 집회,6,0,0,https://www.spatic.go.kr/spatic/assem/getInfoView.do?mgrSeq=1127
1125,2025-07-22,2025-07-22,7월 22일 (화) 행사 및 집회,3,0,0,https://www.spatic.go.kr/spatic/assem/getInfoView.do?mgrSeq=1125
1123,2025-07-21,2025-07-21,7월 21일 (월) 행사 및 집회,5,0,0,https://www.spatic.go.kr/spatic/assem/getInfoView.do?mgrSeq=1123
1121,2025-07-20,2025-07-20,7월 20일 (일) 행사 및 집회,4,0,0,https://www.spatic.go.kr/spatic/assem/getInfoView.do?mgrSeq=1121
1119,2025-07-19,2025-07-19,7월 19일 (토) 행사 및 집회,8,3,0,https://www.spatic.go.kr/spatic/assem/getInfoView.do?mgrSeq=1119
1114,2025-07-18,2025-07-18,	7월 18일 (금) 행사 및 집회,8,0,0,https://www.spatic.go.kr/spatic/assem/getInfoView.do?mgrSeq=1114
1107,2025-07-17,2025-07-17,7월 17일 (목) 행사 및 집회,4,0,0,https://www.spatic.go.kr/spatic/assem/getInfoView.do?mgrSeq=1107
1095,2025-07-16,2025-07-16,7월 16일 (수) 행사 및 집회,3,4,0,https://www.spatic.go.kr/spatic/assem/getInfoView.do?mgrSeq=1095
1093,2025-07-15,2025-07-15,7월 15일 (화) 행사 및 집회,5,0,0,https://www.spatic.go.kr/spatic/assem/getInfoView.do?mgrSeq=1093
1089,2025-07-14,2025-07-14,7월 14일 (월) 행사 및 집회	,7,0,0,https://www.spatic.go.kr/spatic/assem/getInfoView.do?mgrSeq=1089
1071,2025-07-13,2025-07-13,7월 13일 (일) 행사 및 집회,3,0,0,https://www.spatic.go.kr/spatic/assem/getInfoView.do?mgrSeq=1071
1069,2025-07-12,2025-07-12,7월 12일 (토) 행사 및 집회,6,0,0,https://www.spatic.go.kr/spatic/assem/getInfoView.do?mgrSeq=1069
1054,2025-07-11,2025-07-11,7월 11일 (금) 행사 및 집회,7,0,0,https://www.spatic.go.kr/spatic/assem/getInfoView.do?mgrSeq=1054
1049,2025-07-10,2025-07-10,7월 10일 (목) 행사 및 집회,5,0,0,https://www.spatic.go.kr/spatic/assem/getInfoView.do?mgrSeq=1049
1047,2025-07-09,2025-07-09,7월 09일 (수) 행사 및 집회,5,0,0,https://www.spatic.go.kr/spatic/assem/getInfoView.do?mgrSeq=1047
1045,2025-07-08,2025-07-08,7월 08일 (화) 행사 및 집회,4,0,0,https://www.spatic.go.kr/spatic/assem/getInfoView.do?mgrSeq=1045
1043,2025-07-07,2025-07-07,7월 07일 (월) 행사 및 집회,3,0,0,https://www.spatic.go.kr/spatic/assem/getInfoView.do?mgrSeq=1043
1041,2025-07-06,2025-07-06,7월 06일 (일) 행사 및 집회,3,0,0,https://www.spatic.go.kr/spatic/assem/getInfoView.do?mgrSeq=1041
1039,2025-07-05,2025-07-05,7월 05일 (토) 행사 및 집회,4,0,0,https://www.spatic.go.kr/spatic/assem/getInfoView.do?mgrSeq=1039
1037,2025-07-04,2025-07-04,7월 04일 (금) 행사 및 집회,11,0,0,https://www.spatic.go.kr/spatic/assem/getInfoView.do?mgrSeq=1037
1035,2025-07-03,2025-07-03,7월 03일 (목) 행사 및 집회,3,0,0,https://www.spatic.go.kr/spatic/assem/getInfoView.do?mgrSeq=1035
1033,2025-07-02,2025-07-02,7월 02일 (수) 행사 및 집회,9,0,0,https://www.spatic.go.kr/spatic/assem/getInfoView.do?mgrSeq=1033
1031,2025-07-01,2025-07-01,7월 01일 (화) 행사 및 집회,6,0,0,https://www.spatic.go.kr/spatic/assem/getInfoView.do?mgrSeq=1031
1029,2025-06-30,2025-06-30,6월 30일 (월) 행사 및 집회,5,0,0,https://www.spatic.go.kr/spatic/assem/getInfoView.do?mgrSeq=1029
1027,2025-06-29,2025-06-29,6월 29일 (일) 행사 및 집회,3,0,0,https://www.spatic.go.kr/spatic/assem/getInfoView.do?mgrSeq=1027
1025,2025-06-28,2025-06-28,6월 28일 (토) 행사 및 집회,10,4,2,https://www.spatic.go.kr/spatic/assem/getInfoView.do?mgrSeq=1025
1023,2025-06-27,2025-06-27,6월 27일 (금) 행사 및 집회,5,0,0,https://www.spatic.go.kr/spatic/assem/getInfoView.do?mgrSeq=1023
1021,2025-06-26,2025-06-26,6월 26일 (목) 행사 및 집회,4,3,0,https://www.spatic.go.kr/spatic/assem/getInfoView.do?mgrSeq=1021
1017,2025-06-25,2025-06-25,6월 25일 (수) 행사 및 집회,4,0,0,https://www.spatic.go.kr/spatic/assem/getInfoView.do?mgrSeq=1017
1015,2025-06-24,2025-06-24,6월 24일 (화) 행사 및 집회,4,0,0,https://www.spatic.go.kr/spatic/assem/getInfoView.do?mgrSeq=1015
1013,2025-06-23,2025-06-23,6월 23일 (월) 행사 및 집회,2,0,0,https://www.spatic.go.kr/spatic/assem/getInfoView.do?mgrSeq=1013
1011,2025-06-22,2025-06-22,6월 22일 (일) 행사 및 집회,5,0,0,https://www.spatic.go.kr/spatic/assem/getInfoView.do?mgrSeq=1011
1008,2025-06-21,2025-06-21,6월 21일 (토) 행사 및 집회,8,1,0,https://www.spatic.go.kr/spatic/assem/getInfoView.do?mgrSeq=1008
1006,2025-06-20,2025-06-20,6월 20일 (금) 행사 및 집회,5,0,0,https://www.spatic.go.kr/spatic/assem/getInfoView.do?mgrSeq=1006
1002,2025-06-19,2025-06-19,6월 19일 (목) 행사 및 집회,6,0,0,https://www.spatic.go.kr/spatic/assem/getInfoView.do?mgrSeq=1002
990,2025-06-18,2025-06-18,6월 18일 (수) 행사 및 집회,4,0,0,https://www.spatic.go.kr/spatic/assem/getInfoView.do?mgrSeq=990
983,2025-06-17,2025-06-17,6월 17일 (화) 행사 및 집회,3,0,0,https://www.spatic.go.kr/spatic/assem/getInfoView.do?mgrSeq=983
981,2025-06-16,2025-06-16,6월 16일 (월) 행사 및 집회,2,0,0,https://www.spatic.go.kr/spatic/assem/getInfoView.do?mgrSeq=981
979,2025-06-15,2025-06-15,6월 15일 (일) 행사 및 집회,5,0,1,https://www.spatic.go.kr/spatic/assem/getInfoView.do?mgrSeq=979
974,2025-06-14,2025-06-14,6월 14일 (토) 행사 및 집회,9,2,0,https://www.spatic.go.kr/spatic/assem/getInfoView.do?mgrSeq=974
972,2025-06-13,2025-06-13,6월 13일 (금) 행사 및 집회,3,3,0,https://www.spatic.go.kr/spatic/assem/getInfoView.do?mgrSeq=972
970,2025-06-12,2025-06-12,6월 12일 (목) 행사 및 집회,5,0,0,https://www.spatic.go.kr/spatic/assem/getInfoView.do?mgrSeq=970
968,2025-06-11,2025-06-11,6월 11일 (수) 행사 및 집회,4,2,0,https://www.spatic.go.kr/spatic/assem/getInfoView.do?mgrSeq=968
964,2025-06-10,2025-06-10,6월 10일 (화) 행사 및 집회,4,0,0,https://www.spatic.go.kr/spatic/assem/getInfoView.do?mgrSeq=964
960,2025-06-09,2025-06-09,6월 9일 (월) 행사 및 집회,2,0,0,https://www.spatic.go.kr/spatic/assem/getInfoView.do?mgrSeq=960
958,2025-06-08,2025-06-08,6월 8일 (일) 행사 및 집회,4,0,0,https://www.spatic.go.kr/spatic/assem/getInfoView.do?mgrSeq=958
956,2025-06-07,2025-06-07,6월 7일 (토) 행사 및 집회,4,0,0,https://www.spatic.go.kr/spatic/assem/getInfoView.do?mgrSeq=956
954,2025-06-06,2025-06-06,6월 6일 (금) 행사 및 집회,1,0,0,https://www.spatic.go.kr/spatic/assem/getInfoView.do?mgrSeq=954
952,2025-06-05,2025-06-05,6월 5일 (목) 행사 및 집회,3,0,0,https://www.spatic.go.kr/spatic/assem/getInfoView.do?mgrSeq=952
950,2025-06-04,2025-06-04,6월 4일 (수) 행사 및 집회,5,0,0,https://www.spatic.go.kr/spatic/assem/getInfoView.do?mgrSeq=950
948,2025-06-03,2025-06-03,6월 3일 (화) 행사 및 집회,3,0,0,https://www.spatic.go.kr/spatic/assem/getInfoView.do?mgrSeq=948
946,2025-06-02,2025-06-02,6월 2일 (월) 행사 및 집회,4,0,0,https://www.spatic.go.kr/spatic/assem/getInfoView.do?mgrSeq=946
944,2025-06-01,2025-06-01,6월 1일 (일) 행사 및 집회,6,0,0,https://www.spatic.go.kr/spatic/assem/getInfoView.do?mgrSeq=944
942,2025-05-31,2025-05-31,5월 31일 (토) 행사 및 집회,8,3,0,https://www.spatic.go.kr/spatic/assem/getInfoView.do?mgrSeq=942
940,2025-05-30,2025-05-30,5월 30일 (금) 행사 및 집회,4,0,0,https://www.spatic.go.kr/spatic/assem/getInfoView.do?mgrSeq=940
938,2025-05-29,2025-05-29,5월 29일 (목) 행사 및 집회,7,0,0,https://www.spatic.go.kr/spatic/assem/getInfoView.do?mgrSeq=938
936,2025-05-28,2025-05-28,5월 28일 (수) 행사 및 집회,5,0,0,https://www.spatic.go.kr/spatic/assem/getInfoView.do?mgrSeq=936
934,2025-05-27,2025-05-27,5월 27일 (화) 행사 및 집회,4,0,0,https://www.spatic.go.kr/spatic/assem/getInfoView.do?mgrSeq=934
932,2025-05-26,2025-05-26,5월 26일 (월) 행사 및 집회,5,0,0,https://www.spatic.go.kr/spatic/assem/getInfoView.do?mgrSeq=932
930,2025-05-25,2025-05-25,5월 25일 (일) 행사 및 집회,4,0,1,https://www.spatic.go.kr/spatic/assem/getInfoView.do?mgrSeq=930
928,2025-05-24,2025-05-24,5월 24일 (토) 행사 및 집회,9,0,0,https://www.spatic.go.kr/spatic/assem/getInfoView.do?mgrSeq=928
926,2025-05-23,2025-05-23,5월 23일 (금) 행사 및 집회,1,0,0,https://www.spatic.go.kr/spatic/assem/getInfoView.do?mgrSeq=926
924,2025-05-22,2025-05-22,5월 22일 (목) 행사 및 집회,3,0,0,https://www.spatic.go.kr/spatic/assem/getInfoView.do?mgrSeq=924
922,2025-05-21,2025-05-21,5월 21일 (수) 행사 및 집회,3,0,0,https://www.spatic.go.kr/spatic/assem/getInfoView.do?mgrSeq=922
920,2025-05-20,2025-05-20,	5월 20일 (화) 행사 및 집회,1,0,0,https://www.spatic.go.kr/spatic/assem/getInfoView.do?mgrSeq=920
918,2025-05-19,2025-05-19,5월 19일 (월) 행사 및 집회,5,3,0,https://www.spatic.go.kr/spatic/assem/getInfoView.do?mgrSeq=918
916,2025-05-18,2025-05-18,5월 18일 (일) 행사 및 집회,5,0,0,https://www.spatic.go.kr/spatic/assem/getInfoView.do?mgrSeq=916
914,2025-05-17,2025-05-17,5월 17일 (토) 행사 및 집회,9,0,3,https://www.spatic.go.kr/spatic/assem/getInfoView.do?mgrSeq=914
912,2025-05-16,2025-05-16,5월 16일 (금) 행사 및 집회,3,0,0,https://www.spatic.go.kr/spatic/assem/getInfoView.do?mgrSeq=912
910,2025-05-15,2025-05-15,5월 15일 (목) 행사 및 집회	,4,0,0,https://www.spatic.go.kr/spatic/assem/getInfoView.do?mgrSeq=910
908,2025-05-14,2025-05-14,5월 14일 (수) 행사 및 집회,5,0,0,https://www.spatic.go.kr/spatic/assem/getInfoView.do?mgrSeq=908
906,2025-05-13,2025-05-13,5월 13일 (화) 행사 및 집회,4,0,0,https://www.spatic.go.kr/spatic/assem/getInfoView.do?mgrSeq=906
904,2025-05-12,2025-05-12,5월 12일 (월) 행사 및 집회,4,0,0,https://www.spatic.go.kr/spatic/assem/getInfoView.do?mgrSeq=904
902,2025-05-11,2025-05-11,5월 11일 (일) 행사 및 집회,6,0,3,https://www.spatic.go.kr/spatic/assem/getInfoView.do?mgrSeq=902
900,2025-05-10,2025-05-10,5월 10일 (토) 행사 및 집회,10,3,1,https://www.spatic.go.kr/spatic/assem/getInfoView.do?mgrSeq=900
898,2025-05-09,2025-05-09,5월 9일 (금) 행사 및 집회,5,0,0,https://www.spatic.go.kr/spatic/assem/getInfoView.do?mgrSeq=898
896,2025-05-08,2025-05-08,5월 8일 (목) 행사 및 집회	,4,0,0,https://www.spatic.go.kr/spatic/assem/getInfoView.do?mgrSeq=896
894,2025-05-07,2025-05-07,5월 7일 (수) 행사 및 집회,5,0,0,https://www.spatic.go.kr/spatic/assem/getInfoView.do?mgrSeq=894
892,2025-05-06,2025-05-06,5월 6일 (화) 행사 및 집회,2,0,0,https://www.spatic.go.kr/spatic/assem/getInfoView.do?mgrSeq=892
890,2025-05-05,2025-05-05,5월 5일 (월) 행사 및 집회,2,0,0,https://www.spatic.go.kr/spatic/assem/getInfoView.do?mgrSeq=890
888,2025-05-04,2025-05-04,5월 4일 (일) 행사 및 집회,3,0,4,https://www.spatic.go.kr/spatic/assem/getInfoView.do?mgrSeq=888
886,2025-05-03,2025-05-03,5월 3일 (토) 행사 및 집회,7,0,1,https://www.spatic.go.kr/spatic/assem/getInfoView.do?mgrSeq=886
884,2025-05-02,2025-05-02,5월 2일 (금) 행사 및 집회,3,0,2,https://www.spatic.go.kr/spatic/assem/getInfoView.do?mgrSeq=884
882,2025-05-01,2025-05-01,5월 1일 (목) 행사 및 집회,6,9,0,https://www.spatic.go.kr/spatic/assem/getInfoView.do?mgrSeq=882
880,2025-04-30,2025-04-30,4월 30일 (수) 행사 및 집회,7,0,0,https://www.spatic.go.kr/spatic/assem/getInfoView.do?mgrSeq=880
878,2025-04-29,2025-04-29,4월 29일 (화) 행사 및 집회,5,0,0,https://www.spatic.go.kr/spatic/assem/getInfoView.do?mgrSeq=878
858,2025-04-28,2025-04-28,4월 28일 (월) 행사 및 집회,3,0,0,https://www.spatic.go.kr/spatic/assem/getInfoView.do?mgrSeq=858
856,2025-04-27,2025-04-27,4월 27일 (일) 행사 및 집회,4,0,2,https://www.spatic.go.kr/spatic/assem/getInfoView.do?mgrSeq=856
854,2025-04-26,2025-04-26,4월 26일 (토) 행사 및 집회,7,0,1,https://www.spatic.go.kr/spatic/assem/getInfoView.do?mgrSeq=854
852,2025-04-25,2025-04-25,4월 25일 (금) 행사 및 집회,5,0,0,https://www.spatic.go.kr/spatic/assem/getInfoView.do?mgrSeq=852
850,2025-04-24,2025-04-24,4월 24일 (목) 행사 및 집회,5,0,0,https://www.spatic.go.kr/spatic/assem/getInfoView.do?mgrSeq=850
848,2025-04-23,2025-04-23,4월 23일 (수) 행사 및 집회,4,0,0,https://www.spatic.go.kr/spatic/assem/getInfoView.do?mgrSeq=848
844,2025-04-22,2025-04-22,4월 22일 (화) 행사 및 집회,1,0,0,https://www.spatic.go.kr/spatic/assem/getInfoView.do?mgrSeq=844
842,2025-04-21,2025-04-21,4월 21일 (월) 행사 및 집회,5,0,0,https://www.spatic.go.kr/spatic/assem/getInfoView.do?mgrSeq=842
840,2025-04-20,2025-04-20,4월 20일 (일) 행사 및 집회	,5,0,1,https://www.spatic.go.kr/spatic/assem/getInfoView.do?mgrSeq=840
838,2025-04-19,2025-04-19,4월 19일 (토) 행사 및 집회,11,0,1,https://www.spatic.go.kr/spatic/assem/getInfoView.do?mgrSeq=838
836,2025-04-18,2025-04-18,4월 18일 (금) 행사 및 집회,6,0,2,https://www.spatic.go.kr/spatic/assem/getInfoView.do?mgrSeq=836
834,2025-04-17,2025-04-17,4월 17일 (목) 행사 및 집회,4,0,0,https://www.spatic.go.kr/spatic/assem/getInfoView.do?mgrSeq=834
832,2025-04-16,2025-04-16,4월 16일 (수) 행사 및 집회,3,0,0,https://www.spatic.go.kr/spatic/assem/getInfoView.do?mgrSeq=832
830,2025-04-15,2025-04-15,4월 15일 (화) 행사 및 집회,4,0,0,https://www.spatic.go.kr/spatic/assem/getInfoView.do?mgrSeq=830
828,2025-04-14,2025-04-14,4월 14일 (월) 행사 및 집회,2,0,0,https://www.spatic.go.kr/spatic/assem/getInfoView.do?mgrSeq=828
826,2025-04-13,2025-04-13,4월 13일 (일) 행사 및 집회,3,0,0,https://www.spatic.go.kr/spatic/assem/getInfoView.do?mgrSeq=826
824,2025-04-12,2025-04-12,4월 12일 (토) 행사 및 집회,6,0,0,https://www.spatic.go.kr/spatic/assem/getInfoView.do?mgrSeq=824
822,2026-03-01,2026-04-11,4월 11일 (금) 행사 및 집회,4,0,0,https://www.spatic.go.kr/spatic/assem/getInfoView.do?mgrSeq=822
820,2025-04-10,2025-04-10,4월 10일 (목) 행사 및 집회,5,0,0,https://www.spatic.go.kr/spatic/assem/getInfoView.do?mgrSeq=820
815,2025-04-09,2025-04-09,4월 09일 (수) 행사 및 집회,4,0,0,https://www.spatic.go.kr/spatic/assem/getInfoView.do?mgrSeq=815
813,2025-04-08,2025-04-08,4월 08일 (화) 행사 및 집회,4,0,0,https://www.spatic.go.kr/spatic/assem/getInfoView.do?mgrSeq=813
811,2025-04-07,2025-04-07,4월 07일 (월) 행사 및 집회,3,0,0,https://www.spatic.go.kr/spatic/assem/getInfoView.do?mgrSeq=811
809,2025-04-06,2025-04-06,4월 06일 (일) 행사 및 집회,4,0,2,https://www.spatic.go.kr/spatic/assem/getInfoView.do?mgrSeq=809
807,2025-04-05,2025-04-05,4월 05일 (토) 행사 및 집회,4,0,0,https://www.spatic.go.kr/spatic/assem/getInfoView.do?mgrSeq=807
805,2025-04-04,2025-04-04,4월 04일 (금) 행사 및 집회	,11,0,0,https://www.spatic.go.kr/spatic/assem/getInfoView.do?mgrSeq=805
803,2025-04-03,2025-04-03,4월 03일 (목) 행사 및 집회,10,0,0,https://www.spatic.go.kr/spatic/assem/getInfoView.do?mgrSeq=803
801,2025-04-02,2025-04-02,4월 02일 (수) 행사 및 집회,5,0,0,https://www.spatic.go.kr/spatic/assem/getInfoView.do?mgrSeq=801
799,2025-04-01,2025-04-01,4월 01일 (화) 행사 및 집회,6,0,0,https://www.spatic.go.kr/spatic/assem/getInfoView.do?mgrSeq=799
797,2025-03-31,2025-03-31,3월 31일 (월) 행사 및 집회,7,0,0,https://www.spatic.go.kr/spatic/assem/getInfoView.do?mgrSeq=797
795,2025-03-30,2025-03-30,3월 30일 (일) 행사 및 집회,5,0,0,https://www.spatic.go.kr/spatic/assem/getInfoView.do?mgrSeq=795
793,2025-03-29,2025-03-29,3월 29일 (토) 행사 및 집회,10,5,0,https://www.spatic.go.kr/spatic/assem/getInfoView.do?mgrSeq=793
791,2025-03-28,2025-03-28,3월 28일 (금) 행사 및 집회,8,0,0,https://www.spatic.go.kr/spatic/assem/getInfoView.do?mgrSeq=791
789,2025-03-27,2025-03-27,3월 27일 (목) 행사 및 집회,16,0,0,https://www.spatic.go.kr/spatic/assem/getInfoView.do?mgrSeq=789
787,2025-03-26,2025-03-26,3월 26일 (수) 행사 및 집회,15,0,0,https://www.spatic.go.kr/spatic/assem/getInfoView.do?mgrSeq=787
785,2025-03-25,2025-03-25,3월 25일 (화) 행사 및 집회,11,0,0,https://www.spatic.go.kr/spatic/assem/getInfoView.do?mgrSeq=785
783,2025-03-24,2025-03-24,3월 24일 (월) 행사 및 집회,7,0,0,https://www.spatic.go.kr/spatic/assem/getInfoView.do?mgrSeq=783
781,2025-03-23,2025-03-23,3월 23일 (일) 행사 및 집회,6,0,0,https://www.spatic.go.kr/spatic/assem/getInfoView.do?mgrSeq=781
779,2025-03-22,2025-03-22,3월 22일 (토) 행사 및 집회,9,5,0,https://www.spatic.go.kr/spatic/assem/getInfoView.do?mgrSeq=779
777,2025-03-21,2025-03-21,	3월 21일 (금) 행사 및 집회,10,0,0,https://www.spatic.go.kr/spatic/assem/getInfoView.do?mgrSeq=777
775,2025-03-20,2025-03-20,3월 20일 (목) 행사 및 집회,7,0,0,https://www.spatic.go.kr/spatic/assem/getInfoView.do?mgrSeq=775
773,2025-03-19,2025-03-19,3월 19일 (수) 행사 및 집회,5,0,0,https://www.spatic.go.kr/spatic/assem/getInfoView.do?mgrSeq=773
771,2025-03-18,2025-03-18,3월 18일 (화) 행사 및 집회,5,0,0,https://www.spatic.go.kr/spatic/assem/getInfoView.do?mgrSeq=771
769,2025-03-17,2025-03-17,3월 17일 (월) 행사 및 집회,12,0,0,https://www.spatic.go.kr/spatic/assem/getInfoView.do?mgrSeq=769
767,2025-03-16,2025-03-16,3월 16일 (일) 행사 및 집회,9,0,1,https://www.spatic.go.kr/spatic/assem/getInfoView.do?mgrSeq=767
765,2025-03-15,2025-03-15,3월 15일 (토) 행사 및 집회,8,10,0,https://www.spatic.go.kr/spatic/assem/getInfoView.do?mgrSeq=765
763,2025-03-14,2025-03-14,3월 14일 (금) 행사 및 집회,12,0,0,https://www.spatic.go.kr/spatic/assem/getInfoView.do?mgrSeq=763
760,2025-03-13,2025-03-13,3월 13일 (목) 행사 및 집회,12,0,0,https://www.spatic.go.kr/spatic/assem/getInfoView.do?mgrSeq=760
758,2025-03-12,2025-03-12,3월 12일 (수) 행사 및 집회,9,0,0,https://www.spatic.go.kr/spatic/assem/getInfoView.do?mgrSeq=758
756,2025-03-11,2025-03-11,3월 11일 (화) 행사 및 집회,7,0,0,https://www.spatic.go.kr/spatic/assem/getInfoView.do?mgrSeq=756
754,2025-03-10,2025-03-10,3월 10일 (월) 행사 및 집회,8,0,0,https://www.spatic.go.kr/spatic/assem/getInfoView.do?mgrSeq=754
752,2025-03-09,2025-03-09,3월 9일 (일) 행사 및 집회,5,0,0,https://www.spatic.go.kr/spatic/assem/getInfoView.do?mgrSeq=752
750,2025-03-08,2025-03-08,3월 8일 (토) 행사 및 집회,10,10,0,https://www.spatic.go.kr/spatic/assem/getInfoView.do?mgrSeq=750
748,2025-03-07,2025-03-07,3월 7일 (금) 행사 및 집회,9,0,0,https://www.spatic.go.kr/spatic/assem/getInfoView.do?mgrSeq=748
746,2025-03-06,2025-03-06,3월 6일 (목) 행사 및 집회,1,0,0,https://www.spatic.go.kr/spatic/assem/getInfoView.do?mgrSeq=746
744,2025-03-05,2025-03-05,3월 5일 (수) 행사 및 집회,8,0,0,https://www.spatic.go.kr/spatic/assem/getInfoView.do?mgrSeq=744
742,2025-03-04,2025-03-04,3월 4일 (화) 행사 및 집회,4,0,0,https://www.spatic.go.kr/spatic/assem/getInfoView.do?mgrSeq=742
740,2025-03-03,2025-03-03,3월 3일 (월) 행사 및 집회,3,0,0,https://www.spatic.go.kr/spatic/assem/getInfoView.do?mgrSeq=740
738,2025-03-02,2025-03-02,3월 2일 (일) 행사 및 집회,7,0,0,https://www.spatic.go.kr/spatic/assem/getInfoView.do?mgrSeq=738
736,2025-03-01,2025-03-01,3월 1일 (토) 행사 및 집회,18,4,0,https://www.spatic.go.kr/spatic/assem/getInfoView.do?mgrSeq=736
734,2025-02-28,2025-02-28,2월 28일 (금) 행사 및 집회,6,0,0,https://www.spatic.go.kr/spatic/assem/getInfoView.do?mgrSeq=734
732,2025-02-27,2025-02-27,2월 27일 (목) 행사 및 집회,5,0,0,https://www.spatic.go.kr/spatic/assem/getInfoView.do?mgrSeq=732
730,2025-02-26,2025-02-26,2월 26일 (수) 행사 및 집회,8,0,0,https://www.spatic.go.kr/spatic/assem/getInfoView.do?mgrSeq=730
728,2025-02-25,2025-02-25,2월 25일 (화) 행사 및 집회,2,0,0,https://www.spatic.go.kr/spatic/assem/getInfoView.do?mgrSeq=728
726,2025-02-24,2025-02-24,2월 24일 (월) 행사 및 집회,5,0,0,https://www.spatic.go.kr/spatic/assem/getInfoView.do?mgrSeq=726
724,2025-02-23,2025-02-23,2월 23일 (일) 행사 및 집회,4,0,0,https://www.spatic.go.kr/spatic/assem/getInfoView.do?mgrSeq=724
722,2025-02-22,2025-02-22,2월 22일 (토) 행사 및 집회,10,0,0,https://www.spatic.go.kr/spatic/assem/getInfoView.do?mgrSeq=722
720,2025-02-21,2025-02-21,2월 21일 (금) 행사 및 집회,7,0,0,https://www.spatic.go.kr/spatic/assem/getInfoView.do?mgrSeq=720
718,2025-02-20,2025-02-20,2월 20일 (목) 행사 및 집회,8,0,0,https://www.spatic.go.kr/spatic/assem/getInfoView.do?mgrSeq=718
716,2025-02-19,2025-02-19,2월 19일 (수) 행사 및 집회,5,0,0,https://www.spatic.go.kr/spatic/assem/getInfoView.do?mgrSeq=716
714,2025-02-18,2025-02-18,2월 18일 (화) 행사 및 집회,4,0,0,https://www.spatic.go.kr/spatic/assem/getInfoView.do?mgrSeq=714
712,2025-02-17,2025-02-17,2월 17일 (월) 행사 및 집회,3,0,0,https://www.spatic.go.kr/spatic/assem/getInfoView.do?mgrSeq=712
710,2025-02-16,2025-02-16,2월 16일 (일) 행사 및 집회,4,0,0,https://www.spatic.go.kr/spatic/assem/getInfoView.do?mgrSeq=710
708,2025-02-15,2025-02-15,2월 15일 (토) 행사 및 집회,9,6,0,https://www.spatic.go.kr/spatic/assem/getInfoView.do?mgrSeq=708
706,2025-02-14,2025-02-14,2월 14일 (금) 행사 및 집회,5,0,0,https://www.spatic.go.kr/spatic/assem/getInfoView.do?mgrSeq=706
704,2025-02-13,2025-02-13,2월 13일 (목) 행사 및 집회,7,0,0,https://www.spatic.go.kr/spatic/assem/getInfoView.do?mgrSeq=704
702,2025-02-12,2025-02-12,2월 12일 (수) 행사 및 집회,7,0,0,https://www.spatic.go.kr/spatic/assem/getInfoView.do?mgrSeq=702
700,2025-02-11,2025-02-11,2월 11일 (화) 행사 및 집회,5,0,0,https://www.spatic.go.kr/spatic/assem/getInfoView.do?mgrSeq=700
698,2025-02-10,2025-02-10,2월 10일 (월) 행사 및 집회,4,0,0,https://www.spatic.go.kr/spatic/assem/getInfoView.do?mgrSeq=698
696,2025-02-09,2025-02-09,2월 9일 (일) 행사 및 집회,5,0,0,https://www.spatic.go.kr/spatic/assem/getInfoView.do?mgrSeq=696
694,2025-02-08,2025-02-08,2월 8일 (토) 행사 및 집회,10,7,0,https://www.spatic.go.kr/spatic/assem/getInfoView.do?mgrSeq=694
692,2025-02-07,2025-02-07,2월 7일 (금) 행사 및 집회,3,0,0,https://www.spatic.go.kr/spatic/assem/getInfoView.do?mgrSeq=692
690,2025-02-06,2025-02-06,2월 6일 (목) 행사 및 집회,6,0,0,https://www.spatic.go.kr/spatic/assem/getInfoView.do?mgrSeq=690
688,2025-02-05,2025-02-05,2월 5일 (수) 행사 및 집회,5,0,0,https://www.spatic.go.kr/spatic/assem/getInfoView.do?mgrSeq=688
686,2025-02-04,2025-02-04,2월 4일 (화) 행사 및 집회,3,0,0,https://www.spatic.go.kr/spatic/assem/getInfoView.do?mgrSeq=686
684,2025-02-03,2025-02-03,2월 3일 (월) 행사 및 집회,3,0,0,https://www.spatic.go.kr/spatic/assem/getInfoView.do?mgrSeq=684
682,2025-02-02,2025-02-02,2월 2일 (일) 행사 및 집회,3,0,0,https://www.spatic.go.kr/spatic/assem/getInfoView.do?mgrSeq=682
680,2025-02-02,2025-02-01,2월 1일 (토) 행사 및 집회,1,0,0,https://www.spatic.go.kr/spatic/assem/getInfoView.do?mgrSeq=680
678,2025-01-31,2025-01-31,01월 31일 (금) 행사 및 집회,2,0,0,https://www.spatic.go.kr/spatic/assem/getInfoView.do?mgrSeq=678
676,2025-01-30,2025-01-30,01월 30일 (목) 행사 및 집회,0,0,0,https://www.spatic.go.kr/spatic/assem/getInfoView.do?mgrSeq=676
674,2025-01-29,2025-01-29,01월 29일 (수) 행사 및 집회,1,0,0,https://www.spatic.go.kr/spatic/assem/getInfoView.do?mgrSeq=674
672,2025-01-28,2025-01-28,01월 28일 (화) 행사 및 집회,1,0,0,https://www.spatic.go.kr/spatic/assem/getInfoView.do?mgrSeq=672
670,2025-01-27,2025-01-27,01월 27일 (월) 행사 및 집회,1,0,0,https://www.spatic.go.kr/spatic/assem/getInfoView.do?mgrSeq=670
668,2025-01-26,2025-01-26,01월 26일 (일) 행사 및 집회,3,0,0,https://www.spatic.go.kr/spatic/assem/getInfoView.do?mgrSeq=668
666,2025-01-25,2025-01-25,01월 25일 (토) 행사 및 집회,8,2,0,https://www.spatic.go.kr/spatic/assem/getInfoView.do?mgrSeq=666
664,2025-01-24,2025-01-24,01월 24일 (금) 행사 및 집회,5,0,0,https://www.spatic.go.kr/spatic/assem/getInfoView.do?mgrSeq=664
662,2025-01-23,2025-01-23,01월 23일 (목) 행사 및 집회,6,0,0,https://www.spatic.go.kr/spatic/assem/getInfoView.do?mgrSeq=662
660,2025-01-22,2025-01-22,01월 22일 (수) 행사 및 집회,12,0,0,https://www.spatic.go.kr/spatic/assem/getInfoView.do?mgrSeq=660
658,2025-01-21,2025-01-21,01월 21일 (화) 행사 및 집회,2,0,0,https://www.spatic.go.kr/spatic/assem/getInfoView.do?mgrSeq=658
656,2025-01-20,2025-01-20,01월 20일 (월) 행사 및 집회,2,0,0,https://www.spatic.go.kr/spatic/assem/getInfoView.do?mgrSeq=656
654,2025-01-19,2025-01-19,01월 19일 (일) 행사 및 집회,4,0,0,https://www.spatic.go.kr/spatic/assem/getInfoView.do?mgrSeq=654
652,2025-01-18,2025-01-18,01월 18일 (토) 행사 및 집회,8,6,0,https://www.spatic.go.kr/spatic/assem/getInfoView.do?mgrSeq=652
650,2025-01-17,2025-01-17,01월 17일 (금) 행사 및 집회,3,0,0,https://www.spatic.go.kr/spatic/assem/getInfoView.do?mgrSeq=650
648,2025-01-16,2025-01-16,01월 16일 (목) 행사 및 집회,5,0,0,https://www.spatic.go.kr/spatic/assem/getInfoView.do?mgrSeq=648
646,2025-01-15,2025-01-15,01월 15일 (수) 행사 및 집회,8,0,0,https://www.spatic.go.kr/spatic/assem/getInfoView.do?mgrSeq=646
644,2025-01-14,2025-01-14,01월 14일 (화) 행사 및 집회,5,0,0,https://www.spatic.go.kr/spatic/assem/getInfoView.do?mgrSeq=644
642,2025-01-13,2025-01-13,01월 13일 (월) 행사 및 집회,6,0,0,https://www.spatic.go.kr/spatic/assem/getInfoView.do?mgrSeq=642
640,2025-01-12,2025-01-12,01월 12일 (일) 행사 및 집회,5,0,0,https://www.spatic.go.kr/spatic/assem/getInfoView.do?mgrSeq=640
638,2025-01-11,2025-01-11,	01월 11일 (토) 행사 및 집회,11,2,0,https://www.spatic.go.kr/spatic/assem/getInfoView.do?mgrSeq=638
636,2025-01-10,2025-01-10,01월 10일 (금) 행사 및 집회,4,0,0,https://www.spatic.go.kr/spatic/assem/getInfoView.do?mgrSeq=636
634,2025-01-09,2025-01-09,01월 09일 (목) 행사 및 집회,8,0,0,https://www.spatic.go.kr/spatic/assem/getInfoView.do?mgrSeq=634
632,2025-01-08,2025-01-08,01월 08일 (수) 행사 및 집회,7,0,0,https://www.spatic.go.kr/spatic/assem/getInfoView.do?mgrSeq=632
630,2025-01-07,2025-01-07,01월 07일 (화) 행사 및 집회,5,0,0,https://www.spatic.go.kr/spatic/assem/getInfoView.do?mgrSeq=630
628,2025-01-06,2025-01-06,01월 06일 (월) 행사 및 집회,4,0,0,https://www.spatic.go.kr/spatic/assem/getInfoView.do?mgrSeq=628
626,2025-01-05,2025-01-05,01월 05일 (일) 행사 및 집회,5,0,0,https://www.spatic.go.kr/spatic/assem/getInfoView.do?mgrSeq=626
624,2025-01-04,2025-01-04,01월 04일 (토) 행사 및 집회,5,2,0,https://www.spatic.go.kr/spatic/assem/getInfoView.do?mgrSeq=624
622,2025-01-03,2025-01-03,01월 03일 (금) 행사 및 집회,5,0,0,https://www.spatic.go.kr/spatic/assem/getInfoView.do?mgrSeq=622
620,2025-01-02,2025-01-02,01월 02일 (목) 행사 및 집회,6,0,0,https://www.spatic.go.kr/spatic/assem/getInfoView.do?mgrSeq=620
618,2025-01-01,2025-01-01,01월 01일 (수) 행사 및 집회,4,0,0,https://www.spatic.go.kr/spatic/assem/getInfoView.do?mgrSeq=618
616,2024-12-31,2024-12-31,12월 31일 (화) 행사 및 집회,4,0,1,https://www.spatic.go.kr/spatic/assem/getInfoView.do?mgrSeq=616
614,2024-12-30,2024-12-30,12월 30일 (월) 행사 및 집회,6,0,0,https://www.spatic.go.kr/spatic/assem/getInfoView.do?mgrSeq=614
612,2024-12-29,2024-12-29,12월 29일 (일) 행사 및 집회,3,0,0,https://www.spatic.go.kr/spatic/assem/getInfoView.do?mgrSeq=612
610,2024-12-28,2024-12-28,12월 28일 (토) 행사 및 집회,5,4,0,https://www.spatic.go.kr/spatic/assem/getInfoView.do?mgrSeq=610
608,2024-12-27,2024-12-27,	12월 27일 (금) 행사 및 집회,7,0,0,https://www.spatic.go.kr/spatic/assem/getInfoView.do?mgrSeq=608
606,2024-12-26,2024-12-26,12월 26일 (목) 행사 및 집회,6,0,0,https://www.spatic.go.kr/spatic/assem/getInfoView.do?mgrSeq=606
604,2024-12-25,2024-12-25,12월 25일 (수) 행사 및 집회,5,0,0,https://www.spatic.go.kr/spatic/assem/getInfoView.do?mgrSeq=604
602,2024-12-24,2024-12-24,12월 24일 (화) 행사 및 집회,7,0,0,https://www.spatic.go.kr/spatic/assem/getInfoView.do?mgrSeq=602
600,2024-12-23,2024-12-23,12월 23일 (월) 행사 및 집회,6,0,0,https://www.spatic.go.kr/spatic/assem/getInfoView.do?mgrSeq=600
598,2024-12-22,2024-12-22,12월 22일 (일) 행사 및 집회,4,0,0,https://www.spatic.go.kr/spatic/assem/getInfoView.do?mgrSeq=598
596,2024-12-21,2024-12-21,12월 21일 (토) 행사 및 집회,7,4,0,https://www.spatic.go.kr/spatic/assem/getInfoView.do?mgrSeq=596
594,2024-12-20,2024-12-20,12월 20일 (금) 행사 및 집회,7,0,0,https://www.spatic.go.kr/spatic/assem/getInfoView.do?mgrSeq=594
592,2024-12-19,2024-12-19,12월 19일 (목) 행사 및 집회,5,0,0,https://www.spatic.go.kr/spatic/assem/getInfoView.do?mgrSeq=592
590,2024-12-18,2024-12-18,12월 18일 (수) 행사 및 집회,6,0,0,https://www.spatic.go.kr/spatic/assem/getInfoView.do?mgrSeq=590
588,2024-12-17,2024-12-17,12월 17일 (화) 행사 및 집회,5,0,0,https://www.spatic.go.kr/spatic/assem/getInfoView.do?mgrSeq=588
586,2024-12-16,2024-12-16,12월 16일 (월) 행사 및 집회,8,0,0,https://www.spatic.go.kr/spatic/assem/getInfoView.do?mgrSeq=586
584,2024-12-15,2024-12-15,12월 15일 (일) 행사 및 집회,5,0,0,https://www.spatic.go.kr/spatic/assem/getInfoView.do?mgrSeq=584
582,2024-12-14,2024-12-14,12월 14일 (토) 행사 및 집회,5,5,0,https://www.spatic.go.kr/spatic/assem/getInfoView.do?mgrSeq=582
580,2024-12-13,2024-12-13,12월 13일 (금) 행사 및 집회,9,0,0,https://www.spatic.go.kr/spatic/assem/getInfoView.do?mgrSeq=580
578,2024-12-12,2024-12-12,12월 12일 (목) 행사 및 집회,13,0,0,https://www.spatic.go.kr/spatic/assem/getInfoView.do?mgrSeq=578
576,2024-12-11,2024-12-11,12월 11일 (수) 행사 및 집회,10,0,0,https://www.spatic.go.kr/spatic/assem/getInfoView.do?mgrSeq=576
574,2024-12-10,2024-12-10,12월 10일 (화) 행사 및 집회,6,0,0,https://www.spatic.go.kr/spatic/assem/getInfoView.do?mgrSeq=574
572,2024-12-09,2024-12-09,12월 09일 (월) 행사 및 집회,6,0,0,https://www.spatic.go.kr/spatic/assem/getInfoView.do?mgrSeq=572
570,2024-12-08,2024-12-08,12월 08일 (일) 행사 및 집회,5,0,0,https://www.spatic.go.kr/spatic/assem/getInfoView.do?mgrSeq=570
568,2024-12-07,2024-12-07,12월 07일 (토) 행사 및 집회,9,5,0,https://www.spatic.go.kr/spatic/assem/getInfoView.do?mgrSeq=568
566,2024-12-06,2024-12-06,12월 06일 (금) 행사 및 집회,11,0,0,https://www.spatic.go.kr/spatic/assem/getInfoView.do?mgrSeq=566
564,2024-12-05,2024-12-05,12월 05일 (목) 행사 및 집회,6,0,0,https://www.spatic.go.kr/spatic/assem/getInfoView.do?mgrSeq=564
562,2024-12-04,2024-12-04,12월 04일 (수) 행사 및 집회,9,0,0,https://www.spatic.go.kr/spatic/assem/getInfoView.do?mgrSeq=562
560,2024-12-03,2024-12-03,12월 03일 (화) 행사 및 집회,6,0,0,https://www.spatic.go.kr/spatic/assem/getInfoView.do?mgrSeq=560
558,2024-12-02,2024-12-02,12월 02일 (월) 행사 및 집회,3,0,0,https://www.spatic.go.kr/spatic/assem/getInfoView.do?mgrSeq=558
556,2024-12-01,2024-12-01,12월 01일 (일) 행사 및 집회,2,0,0,https://www.spatic.go.kr/spatic/assem/getInfoView.do?mgrSeq=556
554,2024-11-30,2024-11-30,11월 30일 (토) 행사 및 집회	,9,0,0,https://www.spatic.go.kr/spatic/assem/getInfoView.do?mgrSeq=554
552,2024-11-29,2024-11-29,11월 29일 (금) 행사 및 집회,3,0,0,https://www.spatic.go.kr/spatic/assem/getInfoView.do?mgrSeq=552
550,2024-11-28,2024-11-28,11월 28일 (목) 행사 및 집회,4,0,0,https://www.spatic.go.kr/spatic/assem/getInfoView.do?mgrSeq=550
548,2024-11-27,2024-11-27,11월 27일 (수) 행사 및 집회	,3,0,0,https://www.spatic.go.kr/spatic/assem/getInfoView.do?mgrSeq=548
546,2024-11-26,2024-11-26,11월 26일 (화) 행사 및 집회,8,0,0,https://www.spatic.go.kr/spatic/assem/getInfoView.do?mgrSeq=546
544,2024-11-25,2024-11-25,11월 25일 (월) 행사 및 집회,8,0,0,https://www.spatic.go.kr/spatic/assem/getInfoView.do?mgrSeq=544
541,2024-11-24,2024-11-24,	11월 24일 (일) 행사 및 집회	,4,0,1,https://www.spatic.go.kr/spatic/assem/getInfoView.do?mgrSeq=541
539,2024-11-23,2024-11-23,11월 23일 (토) 행사 및 집회,10,0,0,https://www.spatic.go.kr/spatic/assem/getInfoView.do?mgrSeq=539
537,2024-11-22,2024-11-22,11월 22일 (금) 행사 및 집회,4,0,0,https://www.spatic.go.kr/spatic/assem/getInfoView.do?mgrSeq=537
535,2024-11-21,2024-11-21,11월 21일 (목) 행사 및 집회,4,0,0,https://www.spatic.go.kr/spatic/assem/getInfoView.do?mgrSeq=535
533,2024-11-20,2024-11-20,11월 20일 (수) 행사 및 집회,4,0,0,https://www.spatic.go.kr/spatic/assem/getInfoView.do?mgrSeq=533
531,2024-11-19,2024-11-19,11월 19일 (화) 행사 및 집회,4,0,0,https://www.spatic.go.kr/spatic/assem/getInfoView.do?mgrSeq=531
529,2024-11-18,2024-11-18,11월 18일 (월) 행사 및 집회,4,0,0,https://www.spatic.go.kr/spatic/assem/getInfoView.do?mgrSeq=529
527,2024-11-17,2024-11-17,11월 17일 (일) 행사 및 집회,4,0,1,https://www.spatic.go.kr/spatic/assem/getInfoView.do?mgrSeq=527
525,2024-11-16,2024-11-16,11월 16일 (토) 행사 및 집회,11,0,0,https://www.spatic.go.kr/spatic/assem/getInfoView.do?mgrSeq=525
523,2024-11-15,2024-11-15,11월 15일 (금) 행사 및 집회,3,0,0,https://www.spatic.go.kr/spatic/assem/getInfoView.do?mgrSeq=523
521,2024-11-14,2024-11-14,11월 14일 (목) 행사 및 집회,6,0,0,https://www.spatic.go.kr/spatic/assem/getInfoView.do?mgrSeq=521
519,2024-11-13,2024-11-13,11월 13일 (수) 행사 및 집회,6,0,0,https://www.spatic.go.kr/spatic/assem/getInfoView.do?mgrSeq=519
517,2024-11-12,2024-11-12,11월 12일 (화) 행사 및 집회,5,0,0,https://www.spatic.go.kr/spatic/assem/getInfoView.do?mgrSeq=517
512,2024-11-11,2024-11-11,11월 11일 (월) 행사 및 집회,3,0,0,https://www.spatic.go.kr/spatic/assem/getInfoView.do?mgrSeq=512
510,2024-11-10,2024-11-10,11월 10일 (일) 행사 및 집회	,4,0,1,https://www.spatic.go.kr/spatic/assem/getInfoView.do?mgrSeq=510
508,2024-11-09,2024-11-09,11월 09일 (토) 행사 및 집회,14,10,1,https://www.spatic.go.kr/spatic/assem/getInfoView.do?mgrSeq=508
506,2024-11-08,2024-11-08,11월 08일 (금) 행사 및 집회,4,0,0,https://www.spatic.go.kr/spatic/assem/getInfoView.do?mgrSeq=506
504,2024-11-07,2024-11-07,11월 07일 (목) 행사 및 집회,4,0,0,https://www.spatic.go.kr/spatic/assem/getInfoView.do?mgrSeq=504
502,2024-11-06,2024-11-06,11월 06일 (수) 행사 및 집회,6,0,0,https://www.spatic.go.kr/spatic/assem/getInfoView.do?mgrSeq=502
500,2024-11-05,2024-11-05,11월 05일 (화) 행사 및 집회,4,0,0,https://www.spatic.go.kr/spatic/assem/getInfoView.do?mgrSeq=500
498,2024-11-04,2024-11-04,11월 04일 (월) 행사 및 집회,3,0,0,https://www.spatic.go.kr/spatic/assem/getInfoView.do?mgrSeq=498
496,2024-11-03,2024-11-03,11월 03일 (일) 행사 및 집회,2,0,1,https://www.spatic.go.kr/spatic/assem/getInfoView.do?mgrSeq=496
494,2024-11-02,2024-11-02,11월 02일 (토) 행사 및 집회,11,0,0,https://www.spatic.go.kr/spatic/assem/getInfoView.do?mgrSeq=494
492,2024-11-01,2024-11-01,11월 01일 (금) 행사 및 집회,6,0,0,https://www.spatic.go.kr/spatic/assem/getInfoView.do?mgrSeq=492
490,2024-10-31,2024-10-31,10월 31일 (목) 행사 및 집회,6,0,0,https://www.spatic.go.kr/spatic/assem/getInfoView.do?mgrSeq=490
488,2024-10-30,2024-10-30,10월 30일 (수) 행사 및 집회,4,0,0,https://www.spatic.go.kr/spatic/assem/getInfoView.do?mgrSeq=488
486,2024-10-29,2024-10-29,10월 29일 (화) 행사 및 집회,8,0,0,https://www.spatic.go.kr/spatic/assem/getInfoView.do?mgrSeq=486
484,2024-10-28,2024-10-28,10월 28일 (월) 행사 및 집회,7,0,0,https://www.spatic.go.kr/spatic/assem/getInfoView.do?mgrSeq=484
482,2024-10-27,2024-10-27,10월 27일 (일) 행사 및 집회,2,0,0,https://www.spatic.go.kr/spatic/assem/getInfoView.do?mgrSeq=482
480,2024-10-26,2024-10-26,10월 26일 (토) 행사 및 집회,9,0,0,https://www.spatic.go.kr/spatic/assem/getInfoView.do?mgrSeq=480
478,2024-10-25,2024-10-25,10월 25일 (금) 행사 및 집회	,6,0,0,https://www.spatic.go.kr/spatic/assem/getInfoView.do?mgrSeq=478
476,2024-10-24,2024-10-24,10월 24일 (목) 행사 및 집회,10,0,0,https://www.spatic.go.kr/spatic/assem/getInfoView.do?mgrSeq=476
474,2024-10-23,2024-10-23,10월 23일 (수) 행사 및 집회,8,0,0,https://www.spatic.go.kr/spatic/assem/getInfoView.do?mgrSeq=474
472,2024-10-22,2024-10-22,10월 22일 (화) 행사 및 집회	,3,0,0,https://www.spatic.go.kr/spatic/assem/getInfoView.do?mgrSeq=472
470,2024-10-21,2024-10-21,10월 21일 (월) 행사 및 집회,8,0,0,https://www.spatic.go.kr/spatic/assem/getInfoView.do?mgrSeq=470
468,2025-05-01,2025-10-20,10월 20일 (일) 행사 및 집회,2,0,0,https://www.spatic.go.kr/spatic/assem/getInfoView.do?mgrSeq=468
466,2024-10-19,2024-10-19,10월 19일 (토) 행사 및 집회,12,0,1,https://www.spatic.go.kr/spatic/assem/getInfoView.do?mgrSeq=466
464,2024-10-18,2024-10-18,10월 18일 (금) 집회 및 행사	,4,0,0,https://www.spatic.go.kr/spatic/assem/getInfoView.do?mgrSeq=464
462,2024-10-17,2024-10-17,10월 17일 (목) 집회 및 행사,7,0,0,https://www.spatic.go.kr/spatic/assem/getInfoView.do?mgrSeq=462
460,2024-10-16,2024-10-16,10월 16일 (수) 집회 및 행사,10,0,0,https://www.spatic.go.kr/spatic/assem/getInfoView.do?mgrSeq=460
458,2024-10-15,2024-10-15,10월 15일 (화) 집회 및 행사,6,0,0,https://www.spatic.go.kr/spatic/assem/getInfoView.do?mgrSeq=458
456,2024-10-14,2024-10-14,10월 14일 (월) 집회 및 행사,4,0,0,https://www.spatic.go.kr/spatic/assem/getInfoView.do?mgrSeq=456
454,2024-10-13,2024-10-13,10월 13일 (일) 집회 및 행사,3,0,1,https://www.spatic.go.kr/spatic/assem/getInfoView.do?mgrSeq=454
452,2024-10-12,2024-10-12,10월 12일 (토) 집회 및 행사,8,0,0,https://www.spatic.go.kr/spatic/assem/getInfoView.do?mgrSeq=452
450,2024-10-11,2024-10-11,10월 11일 (금) 집회 및 행사,5,0,0,https://www.spatic.go.kr/spatic/assem/getInfoView.do?mgrSeq=450
448,2024-10-10,2024-10-10,10월 10일 (목) 집회 및 행사,7,0,0,https://www.spatic.go.kr/spatic/assem/getInfoView.do?mgrSeq=448
446,2024-10-09,2024-10-09,10월 09일 (수) 집회 및 행사,8,0,0,https://www.spatic.go.kr/spatic/assem/getInfoView.do?mgrSeq=446
444,2024-10-08,2024-10-08,10월 08일 (화) 집회 및 행사,4,0,0,https://www.spatic.go.kr/spatic/assem/getInfoView.do?mgrSeq=444
442,2024-10-07,2024-10-07,10월 07일 (월) 집회 및 행사,4,0,0,https://www.spatic.go.kr/spatic/assem/getInfoView.do?mgrSeq=442
440,2024-10-06,2024-10-06,10월 06일 (일) 집회 및 행사,5,0,5,https://www.spatic.go.kr/spatic/assem/getInfoView.do?mgrSeq=440
438,2024-10-05,2024-10-05,10월 05일 (토) 집회 및 행사,12,0,0,https://www.spatic.go.kr/spatic/assem/getInfoView.do?mgrSeq=438
436,2024-10-04,2024-10-04,10월 04일 (금) 집회 및 행사,3,0,0,https://www.spatic.go.kr/spatic/assem/getInfoView.do?mgrSeq=436
434,2024-10-03,2024-10-03,10월 03일 (목) 집회 및 행사,8,0,1,https://www.spatic.go.kr/spatic/assem/getInfoView.do?mgrSeq=434
432,2024-10-02,2024-10-02,10월 02일 (수) 집회 및 행사,7,0,0,https://www.spatic.go.kr/spatic/assem/getInfoView.do?mgrSeq=432
430,2024-10-01,2024-10-01,10월 01일 (화) 집회 및 행사,0,0,1,https://www.spatic.go.kr/spatic/assem/getInfoView.do?mgrSeq=430
428,2024-09-30,2024-09-30,9월 30일 (월) 집회 및 행사,6,0,0,https://www.spatic.go.kr/spatic/assem/getInfoView.do?mgrSeq=428
426,2024-09-29,2024-09-29,9월 29일 (일) 집회 및 행사,2,0,1,https://www.spatic.go.kr/spatic/assem/getInfoView.do?mgrSeq=426
424,2024-09-28,2024-09-28,9월 28일 (토) 집회 및 행사,9,0,2,https://www.spatic.go.kr/spatic/assem/getInfoView.do?mgrSeq=424
422,2024-09-27,2024-09-27,9월 27일 (금) 집회 및 행사,9,0,0,https://www.spatic.go.kr/spatic/assem/getInfoView.do?mgrSeq=422
420,2025-02-08,2025-09-26,9월 26일 (목) 집회 및 행사,7,0,0,https://www.spatic.go.kr/spatic/assem/getInfoView.do?mgrSeq=420
418,2024-09-25,2024-09-25,9월 25일 (수) 집회 및 행사,5,0,0,https://www.spatic.go.kr/spatic/assem/getInfoView.do?mgrSeq=418
416,2024-09-24,2024-09-24,9월 24일 (화) 집회 및 행사,2,0,0,https://www.spatic.go.kr/spatic/assem/getInfoView.do?mgrSeq=416
414,2024-09-23,2024-09-23,9월 23일 (월) 집회 및 행사,4,0,0,https://www.spatic.go.kr/spatic/assem/getInfoView.do?mgrSeq=414
412,2024-09-22,2024-09-22,9월 22일 (일) 집회 및 행사,1,0,0,https://www.spatic.go.kr/spatic/assem/getInfoView.do?mgrSeq=412
410,2024-09-21,2024-09-21,9월 21일 (토) 집회 및 행사,9,0,0,https://www.spatic.go.kr/spatic/assem/getInfoView.do?mgrSeq=410
408,2024-09-20,2024-09-20,9월 20일 (금) 집회 및 행사,4,0,0,https://www.spatic.go.kr/spatic/assem/getInfoView.do?mgrSeq=408
406,2024-09-19,2024-09-19,9월 19일 (목) 집회 및 행사,6,0,0,https://www.spatic.go.kr/spatic/assem/getInfoView.do?mgrSeq=406
404,2024-09-18,2024-09-18,9월 18일 (수) 집회 및 행사,2,0,0,https://www.spatic.go.kr/spatic/assem/getInfoView.do?mgrSeq=404
402,2024-09-17,2024-09-17,9월 17일 (화) 집회 및 행사	,1,0,0,https://www.spatic.go.kr/spatic/assem/getInfoView.do?mgrSeq=402
400,2024-09-16,2024-09-16,9월 16일 (월) 집회 및 행사,1,0,0,https://www.spatic.go.kr/spatic/assem/getInfoView.do?mgrSeq=400
398,2024-09-15,2024-09-15,9월 15일 (일) 집회 및 행사,2,0,0,https://www.spatic.go.kr/spatic/assem/getInfoView.do?mgrSeq=398
396,2024-09-14,2024-09-14,9월 14일 (토) 집회 및 행사,3,0,0,https://www.spatic.go.kr/spatic/assem/getInfoView.do?mgrSeq=396
394,2024-09-13,2024-09-13,9월 13일 (금) 집회 및 행사,0,0,0,https://www.spatic.go.kr/spatic/assem/getInfoView.do?mgrSeq=394
392,2024-09-12,2024-09-12,9월 12일 (목) 집회 및 행사,6,0,0,https://www.spatic.go.kr/spatic/assem/getInfoView.do?mgrSeq=392
390,2024-09-11,2024-09-11,9월 11일 (수) 집회 및 행사,9,0,0,https://www.spatic.go.kr/spatic/assem/getInfoView.do?mgrSeq=390
388,2024-09-10,2024-09-10,9월 10일 (화) 집회 및 행사,3,0,0,https://www.spatic.go.kr/spatic/assem/getInfoView.do?mgrSeq=388
386,2024-09-09,2024-09-09,9월 9일 (월) 집회 및 행사,1,0,0,https://www.spatic.go.kr/spatic/assem/getInfoView.do?mgrSeq=386
384,2024-09-08,2024-09-08,9월 8일 (일) 집회 및 행사,3,0,0,https://www.spatic.go.kr/spatic/assem/getInfoView.do?mgrSeq=384
382,2024-09-07,2024-09-07,9월 7일 (토) 집회 및 행사,5,0,0,https://www.spatic.go.kr/spatic/assem/getInfoView.do?mgrSeq=382
380,2024-09-06,2024-09-06,9월 6일 (금) 집회 및 행사,6,0,0,https://www.spatic.go.kr/spatic/assem/getInfoView.do?mgrSeq=380
378,2024-09-05,2024-09-05,9월 5일 (목) 집회 및 행사,8,0,0,https://www.spatic.go.kr/spatic/assem/getInfoView.do?mgrSeq=378
376,2024-09-04,2024-09-04,	9월 4일 (수) 집회 및 행사,4,0,0,https://www.spatic.go.kr/spatic/assem/getInfoView.do?mgrSeq=376
374,2024-09-03,2024-09-03,9월 3일 (화) 집회 및 행사,1,0,0,https://www.spatic.go.kr/spatic/assem/getInfoView.do?mgrSeq=374
370,2024-09-02,2024-09-02,9월 2일 (월) 집회 및 행사,3,0,0,https://www.spatic.go.kr/spatic/assem/getInfoView.do?mgrSeq=370
367,2024-09-01,2024-09-01,9월 1일 (일) 집회 및 행사,3,0,0,https://www.spatic.go.kr/spatic/assem/getInfoView.do?mgrSeq=367
366,2024-08-31,2024-08-31,8월 31일 (토) 집회 및 행사,7,0,0,https://www.spatic.go.kr/spatic/assem/getInfoView.do?mgrSeq=366
364,2024-08-30,2024-08-30,8월 30일 (금) 집회 및 행사,2,0,0,https://www.spatic.go.kr/spatic/assem/getInfoView.do?mgrSeq=364
362,2024-08-29,2024-08-29,8월 29일 (목) 집회 및 행사,3,0,0,https://www.spatic.go.kr/spatic/assem/getInfoView.do?mgrSeq=362
360,2024-08-28,2024-08-28,8월 28일 (수) 집회 및 행사,4,0,0,https://www.spatic.go.kr/spatic/assem/getInfoView.do?mgrSeq=360
358,2024-08-27,2024-08-27,8월 27일 (화) 집회 및 행사,3,0,0,https://www.spatic.go.kr/spatic/assem/getInfoView.do?mgrSeq=358
356,2024-08-26,2024-08-26,8월 26일 (월) 집회 및 행사,2,0,0,https://www.spatic.go.kr/spatic/assem/getInfoView.do?mgrSeq=356
354,2024-08-25,2024-08-25,8월 25일 (일) 집회 및 행사,3,0,0,https://www.spatic.go.kr/spatic/assem/getInfoView.do?mgrSeq=354
352,2024-08-24,2024-08-24,8월 24일 (토) 집회 및 행사,9,0,0,https://www.spatic.go.kr/spatic/assem/getInfoView.do?mgrSeq=352
348,2024-08-23,2024-08-23,8월 23일 (금) 집회 및 행사,4,0,0,https://www.spatic.go.kr/spatic/assem/getInfoView.do?mgrSeq=348
346,2024-08-22,2024-08-22,8월 22일 (목) 집회 및 행사,5,0,0,https://www.spatic.go.kr/spatic/assem/getInfoView.do?mgrSeq=346
344,2024-08-21,2024-08-21,8월 21일 (수) 집회 및 행사,3,0,0,https://www.spatic.go.kr/spatic/assem/getInfoView.do?mgrSeq=344
342,2024-08-20,2024-08-20,8월 20일 (화) 집회 및 행사,3,0,0,https://www.spatic.go.kr/spatic/assem/getInfoView.do?mgrSeq=342
340,2024-08-19,2024-08-19,8월 19일 (월) 집회 및 행사,3,0,0,https://www.spatic.go.kr/spatic/assem/getInfoView.do?mgrSeq=340
338,2024-08-18,2024-08-18,8월 18일 (일) 집회 및 행사,2,0,0,https://www.spatic.go.kr/spatic/assem/getInfoView.do?mgrSeq=338
336,2024-08-17,2024-08-17,8월 17일 (토) 집회 및 행사,8,0,0,https://www.spatic.go.kr/spatic/assem/getInfoView.do?mgrSeq=336
334,2024-08-16,2024-08-16,8월 16일 (금) 집회 및 행사,3,0,0,https://www.spatic.go.kr/spatic/assem/getInfoView.do?mgrSeq=334
332,2024-08-15,2024-08-15,8월 15일 (목) 집회 및 행사,8,0,0,https://www.spatic.go.kr/spatic/assem/getInfoView.do?mgrSeq=332
330,2024-08-14,2024-08-14,8월 14일 (수) 집회 및 행사,4,0,0,https://www.spatic.go.kr/spatic/assem/getInfoView.do?mgrSeq=330
328,2024-08-13,2024-08-13,8월 13일 (화) 집회 및 행사,6,0,0,https://www.spatic.go.kr/spatic/assem/getInfoView.do?mgrSeq=328
326,2024-08-12,2024-08-12,8월 12일 (월) 집회 및 행사,7,0,0,https://www.spatic.go.kr/spatic/assem/getInfoView.do?mgrSeq=326
324,2024-08-11,2024-08-11,8월 11일 (일) 집회 및 행사,2,0,0,https://www.spatic.go.kr/spatic/assem/getInfoView.do?mgrSeq=324
322,2024-08-10,2024-08-10,8월 10일 (토) 집회 및 행사,13,0,0,https://www.spatic.go.kr/spatic/assem/getInfoView.do?mgrSeq=322
320,2024-08-09,2024-08-09,8월 9일 (금) 집회 및 행사,9,0,0,https://www.spatic.go.kr/spatic/assem/getInfoView.do?mgrSeq=320
318,2024-08-08,2024-08-08,8월 8일 (목) 집회 및 행사,6,0,0,https://www.spatic.go.kr/spatic/assem/getInfoView.do?mgrSeq=318
316,2024-08-07,2024-08-07,8월 7일 (수) 집회 및 행사,8,0,0,https://www.spatic.go.kr/spatic/assem/getInfoView.do?mgrSeq=316
314,2024-08-06,2024-08-06,8월 6일 (화) 집회 및 행사,4,0,0,https://www.spatic.go.kr/spatic/assem/getInfoView.do?mgrSeq=314
312,2024-08-05,2024-08-05,8월 5일 (월) 집회 및 행사,2,0,0,https://www.spatic.go.kr/spatic/assem/getInfoView.do?mgrSeq=312
310,2024-08-04,2024-08-04,8월 4일 (일) 집회 및 행사,3,0,0,https://www.spatic.go.kr/spatic/assem/getInfoView.do?mgrSeq=310
308,2024-08-03,2024-08-03,8월 3일 (토) 집회 및 행사,7,0,0,https://www.spatic.go.kr/spatic/assem/getInfoView.do?mgrSeq=308
306,2024-08-02,2024-08-02,8월 2일 (금) 집회 및 행사,4,0,0,https://www.spatic.go.kr/spatic/assem/getInfoView.do?mgrSeq=306
304,2024-08-01,2024-08-01,8월 1일 (목) 집회 및 행사,3,0,0,https://www.spatic.go.kr/spatic/assem/getInfoView.do?mgrSeq=304
302,2024-07-31,2024-07-31,7월 31일 (수) 집회 및 행사,2,0,0,https://www.spatic.go.kr/spatic/assem/getInfoView.do?mgrSeq=302
300,2024-07-30,2024-07-30,7월 30일 (화) 집회 및 행사,3,0,0,https://www.spatic.go.kr/spatic/assem/getInfoView.do?mgrSeq=300
298,2024-07-29,2024-07-29,7월 29일 (월) 집회 및 행사,0,0,0,https://www.spatic.go.kr/spatic/assem/getInfoView.do?mgrSeq=298
296,2024-07-28,2024-07-28,7월 28일 (일) 집회 및 행사,4,0,0,https://www.spatic.go.kr/spatic/assem/getInfoView.do?mgrSeq=296
294,2024-07-27,2024-07-27,7월 27일 (토) 집회 및 행사,12,0,0,https://www.spatic.go.kr/spatic/assem/getInfoView.do?mgrSeq=294
292,2024-07-26,2024-07-26,7월 26일 (금) 집회 및 행사,3,0,0,https://www.spatic.go.kr/spatic/assem/getInfoView.do?mgrSeq=292
290,2024-07-25,2024-07-25,7월 25일 (목) 집회 및 행사,3,0,0,https://www.spatic.go.kr/spatic/assem/getInfoView.do?mgrSeq=290
288,2024-07-24,2024-07-24,7월 24일 (수) 집회 및 행사,4,0,0,https://www.spatic.go.kr/spatic/assem/getInfoView.do?mgrSeq=288
286,2024-07-23,2024-07-23,7월 23일 (화) 집회 및 행사,1,0,0,https://www.spatic.go.kr/spatic/assem/getInfoView.do?mgrSeq=286
284,2024-07-22,2024-07-22,7월 22일 (월) 집회 및 행사,4,0,0,https://www.spatic.go.kr/spatic/assem/getInfoView.do?mgrSeq=284
282,2024-07-21,2024-07-21,7월 21일 (일) 집회 및 행사,2,0,0,https://www.spatic.go.kr/spatic/assem/getInfoView.do?mgrSeq=282
280,2024-07-20,2024-07-20,7월 20일 (토) 집회 및 행사,7,0,0,https://www.spatic.go.kr/spatic/assem/getInfoView.do?mgrSeq=280
278,2024-07-19,2024-07-19,7월 19일 (금) 집회 및 행사,5,0,0,https://www.spatic.go.kr/spatic/assem/getInfoView.do?mgrSeq=278
276,2024-07-18,2024-07-18,7월 18일 (목) 집회 및 행사,3,0,0,https://www.spatic.go.kr/spatic/assem/getInfoView.do?mgrSeq=276
274,2024-07-17,2024-07-17,7월 17일 (수) 집회 및 행사,2,0,0,https://www.spatic.go.kr/spatic/assem/getInfoView.do?mgrSeq=274
272,2024-07-16,2024-07-16,7월 16일 (화) 집회 및 행사,3,0,0,https://www.spatic.go.kr/spatic/assem/getInfoView.do?mgrSeq=272
270,2024-07-15,2024-07-15,7월 15일 (월) 집회 및 행사,2,0,0,https://www.spatic.go.kr/spatic/assem/getInfoView.do?mgrSeq=270
266,2024-07-14,2024-07-14,7월 14일 (일) 집회 및 행사,2,0,0,https://www.spatic.go.kr/spatic/assem/getInfoView.do?mgrSeq=266
264,2024-07-13,2024-07-13,7월 13일 (토) 집회 및 행사,10,0,0,https://www.spatic.go.kr/spatic/assem/getInfoView.do?mgrSeq=264
262,2024-07-12,2024-07-12,7월 12일 (금) 집회 및 행사,1,0,0,https://www.spatic.go.kr/spatic/assem/getInfoView.do?mgrSeq=262
260,2024-07-11,2024-07-11,7월 11일 (목) 집회 및 행사,2,0,0,https://www.spatic.go.kr/spatic/assem/getInfoView.do?mgrSeq=260
258,2024-07-10,2024-07-10,7월 10일 (수) 집회 및 행사,5,0,0,https://www.spatic.go.kr/spatic/assem/getInfoView.do?mgrSeq=258
256,2024-07-09,2024-07-09,7월 9일 (화) 집회 및 행사,2,0,0,https://www.spatic.go.kr/spatic/assem/getInfoView.do?mgrSeq=256
254,2024-07-08,2024-07-08,7월 8일 (월) 집회 및 행사,1,0,0,https://www.spatic.go.kr/spatic/assem/getInfoView.do?mgrSeq=254
252,2024-07-07,2024-07-07,7월 7일 (일) 집회 및 행사,1,0,0,https://www.spatic.go.kr/spatic/assem/getInfoView.do?mgrSeq=252
250,2024-07-06,2024-07-06,	7월 6일 (토) 집회 및 행사	,11,0,0,https://www.spatic.go.kr/spatic/assem/getInfoView.do?mgrSeq=250
248,2024-07-05,2024-07-05,7월 5일 (금) 집회 및 행사,1,0,0,https://www.spatic.go.kr/spatic/assem/getInfoView.do?mgrSeq=248
246,2024-07-04,2024-07-04,7월 4일 (목) 집회 및 행사,5,0,0,https://www.spatic.go.kr/spatic/assem/getInfoView.do?mgrSeq=246
244,2024-07-03,2024-07-03,7월 3일 (수) 집회 및 행사,4,0,0,https://www.spatic.go.kr/spatic/assem/getInfoView.do?mgrSeq=244
242,2024-07-02,2024-07-02,7월 2일 (화) 집회 및 행사,4,0,0,https://www.spatic.go.kr/spatic/assem/getInfoView.do?mgrSeq=242
240,2024-07-01,2024-07-01,7월 1일 (월) 집회 및 행사,5,0,0,https://www.spatic.go.kr/spatic/assem/getInfoView.do?mgrSeq=240
238,2024-06-30,2024-06-30,6월 30일 (일) 집회 및 행사,3,0,0,https://www.spatic.go.kr/spatic/assem/getInfoView.do?mgrSeq=238
236,2024-06-29,2024-06-29,6월 29일 (토) 집회 및 행사,12,0,0,https://www.spatic.go.kr/spatic/assem/getInfoView.do?mgrSeq=236
234,2024-06-28,2024-06-28,6월 28일 (금) 집회 및 행사,7,0,0,https://www.spatic.go.kr/spatic/assem/getInfoView.do?mgrSeq=234
232,2024-06-27,2024-06-27,6월 27일 (목) 집회 및 행사,4,0,0,https://www.spatic.go.kr/spatic/assem/getInfoView.do?mgrSeq=232
230,2024-06-26,2024-06-26,6월 26일 (수) 집회 및 행사,8,0,0,https://www.spatic.go.kr/spatic/assem/getInfoView.do?mgrSeq=230
228,2024-06-25,2024-06-25,6월 25일 (화) 집회 및 행사	,5,0,0,https://www.spatic.go.kr/spatic/assem/getInfoView.do?mgrSeq=228
226,2024-06-24,2024-06-24,6월 24일 (월) 집회 및 행사,3,0,0,https://www.spatic.go.kr/spatic/assem/getInfoView.do?mgrSeq=226
224,2024-06-23,2024-06-23,6월 23일 (일) 집회 및 행사,2,0,0,https://www.spatic.go.kr/spatic/assem/getInfoView.do?mgrSeq=224
222,2024-06-22,2024-06-22,6월 22일 (토) 집회 및 행사,9,5,0,https://www.spatic.go.kr/spatic/assem/getInfoView.do?mgrSeq=222
220,2024-06-21,2024-06-21,6월 21일 (금) 집회 및 행사,1,0,0,https://www.spatic.go.kr/spatic/assem/getInfoView.do?mgrSeq=220
218,2024-06-20,2024-06-20,6월 20일 (목) 집회 및 행사,3,0,0,https://www.spatic.go.kr/spatic/assem/getInfoView.do?mgrSeq=218
216,2024-06-19,2024-06-19,6월 19일 (수) 집회 및 행사,2,0,0,https://www.spatic.go.kr/spatic/assem/getInfoView.do?mgrSeq=216
214,2024-06-18,2024-06-18,6월 18일 (화) 집회 및 행사,2,0,0,https://www.spatic.go.kr/spatic/assem/getInfoView.do?mgrSeq=214
212,2024-06-17,2024-06-17,6월 17일 (월) 집회 및 행사,3,0,0,https://www.spatic.go.kr/spatic/assem/getInfoView.do?mgrSeq=212
209,2024-06-16,2024-06-16,6월 16일 (일) 집회 및 행사,4,0,0,https://www.spatic.go.kr/spatic/assem/getInfoView.do?mgrSeq=209
207,2024-06-15,2024-06-15,6월 15일 (토) 집회 및 행사,17,0,0,https://www.spatic.go.kr/spatic/assem/getInfoView.do?mgrSeq=207
205,2024-06-14,2024-06-14,6월 14일 (금) 집회 및 행사,2,0,0,https://www.spatic.go.kr/spatic/assem/getInfoView.do?mgrSeq=205
203,2024-06-13,2024-06-13,6월 13일 (목) 집회 및 행사,2,0,0,https://www.spatic.go.kr/spatic/assem/getInfoView.do?mgrSeq=203
201,2024-06-12,2024-06-12,6월 12일 (수) 집회 및 행사,4,0,0,https://www.spatic.go.kr/spatic/assem/getInfoView.do?mgrSeq=201
199,2024-06-11,2024-06-11,6월 11일 (화) 집회 및 행사,1,0,0,https://www.spatic.go.kr/spatic/assem/getInfoView.do?mgrSeq=199
195,2024-06-10,2024-06-10,6월 10일 (월) 집회 및 행사	,2,0,0,https://www.spatic.go.kr/spatic/assem/getInfoView.do?mgrSeq=195
193,2024-06-09,2024-06-09,6월 9일 (일) 집회 및 행사	,4,0,0,https://www.spatic.go.kr/spatic/assem/getInfoView.do?mgrSeq=193
191,2024-06-08,2024-06-08,6월 8일 (토) 집회 및 행사	,11,0,0,https://www.spatic.go.kr/spatic/assem/getInfoView.do?mgrSeq=191
189,2024-06-07,2024-06-07,6월 7일 (금) 집회 및 행사,0,0,0,https://www.spatic.go.kr/spatic/assem/getInfoView.do?mgrSeq=189
187,2024-06-06,2024-06-06,6월 6일 (목) 집회 및 행사,2,0,0,https://www.spatic.go.kr/spatic/assem/getInfoView.do?mgrSeq=187
185,2024-06-05,2024-06-05,6월 5일 (수) 집회 및 행사,3,0,0,https://www.spatic.go.kr/spatic/assem/getInfoView.do?mgrSeq=185
183,2024-06-04,2024-06-04,6월 4일 (화) 집회 및 행사,2,0,0,https://www.spatic.go.kr/spatic/assem/getInfoView.do?mgrSeq=183
181,2024-06-03,2024-06-03,6월 3일 (월) 집회 및 행사,2,0,0,https://www.spatic.go.kr/spatic/assem/getInfoView.do?mgrSeq=181
179,2024-06-02,2024-06-02,6월 2일 (일) 집회 및 행사	,3,0,0,https://www.spatic.go.kr/spatic/assem/getInfoView.do?mgrSeq=179
177,2024-06-01,2024-06-01,6월 1일 (토) 집회 및 행사,16,0,0,https://www.spatic.go.kr/spatic/assem/getInfoView.do?mgrSeq=177
175,2024-05-31,2024-05-31,5월 31일 (금) 집회 및 행사,1,0,0,https://www.spatic.go.kr/spatic/assem/getInfoView.do?mgrSeq=175
173,2024-05-30,2024-05-30,5월 30일 (목) 집회 및 행사,6,0,0,https://www.spatic.go.kr/spatic/assem/getInfoView.do?mgrSeq=173
171,2024-05-29,2024-05-29,5월 29일 (수) 집회 및 행사,4,0,0,https://www.spatic.go.kr/spatic/assem/getInfoView.do?mgrSeq=171
169,2024-05-28,2024-05-28,5월 28일 (화) 집회 및 행사,4,0,0,https://www.spatic.go.kr/spatic/assem/getInfoView.do?mgrSeq=169
167,2024-05-27,2024-05-27,5월 27일 (월) 집회 및 행사,4,0,0,https://www.spatic.go.kr/spatic/assem/getInfoView.do?mgrSeq=167
165,2024-05-26,2024-05-26,5월 26일 (일) 집회 및 행사,3,0,0,https://www.spatic.go.kr/spatic/assem/getInfoView.do?mgrSeq=165
163,2024-05-25,2024-05-25,5월 25일 (토) 집회 및 행사,16,0,3,https://www.spatic.go.kr/spatic/assem/getInfoView.do?mgrSeq=163
161,2024-05-24,2024-05-24,5월 24일 (금) 집회 및 행사,4,0,0,https://www.spatic.go.kr/spatic/assem/getInfoView.do?mgrSeq=161
159,2024-05-23,2024-05-23,5월 23일 (목) 집회 및 행사,6,0,0,https://www.spatic.go.kr/spatic/assem/getInfoView.do?mgrSeq=159
157,2024-05-22,2024-05-22,5월 22일 (수) 집회 및 행사,3,0,0,https://www.spatic.go.kr/spatic/assem/getInfoView.do?mgrSeq=157
155,2024-05-21,2024-05-21,5월 21일 (화) 집회 및 행사,2,0,0,https://www.spatic.go.kr/spatic/assem/getInfoView.do?mgrSeq=155
153,2024-05-20,2024-05-20,5월 20일 (월) 집회 및 행사,0,0,0,https://www.spatic.go.kr/spatic/assem/getInfoView.do?mgrSeq=153
150,2024-05-19,2024-05-19,5월 19일 (일) 집회 및 행사,4,0,1,https://www.spatic.go.kr/spatic/assem/getInfoView.do?mgrSeq=150
148,2024-05-18,2024-05-18,5월 18일 (토) 집회 및 행사,10,0,0,https://www.spatic.go.kr/spatic/assem/getInfoView.do?mgrSeq=148
146,2024-05-17,2024-05-17,5월 17일 (금) 집회 및 행사,5,0,0,https://www.spatic.go.kr/spatic/assem/getInfoView.do?mgrSeq=146
144,2024-05-16,2024-05-16,5월 16일 (목) 집회 및 행사,5,0,0,https://www.spatic.go.kr/spatic/assem/getInfoView.do?mgrSeq=144
142,2024-05-15,2024-05-15,5월 15일 (수) 집회 및 행사,3,0,0,https://www.spatic.go.kr/spatic/assem/getInfoView.do?mgrSeq=142
140,2024-05-14,2024-05-14,5월 14일 (화) 집회 및 행사,5,0,0,https://www.spatic.go.kr/spatic/assem/getInfoView.do?mgrSeq=140
138,2024-05-13,2024-05-13,5월 13일 (월) 집회 및 행사,2,0,0,https://www.spatic.go.kr/spatic/assem/getInfoView.do?mgrSeq=138
136,2024-05-12,2024-05-12,5월 12일 (일) 집회 및 행사,1,0,1,https://www.spatic.go.kr/spatic/assem/getInfoView.do?mgrSeq=136
134,2024-05-11,2024-05-11,	5월 11일 (토) 집회 및 행사,14,0,1,https://www.spatic.go.kr/spatic/assem/getInfoView.do?mgrSeq=134
132,2024-05-10,2024-05-10,5월 10일 (금) 집회 및 행사,2,0,0,https://www.spatic.go.kr/spatic/assem/getInfoView.do?mgrSeq=132
130,2024-05-09,2024-05-09,5월 9일 (목) 집회 및 행사	,5,0,0,https://www.spatic.go.kr/spatic/assem/getInfoView.do?mgrSeq=130
128,2024-05-08,2024-05-08,5월 8일 (수) 집회 및 행사,3,0,0,https://www.spatic.go.kr/spatic/assem/getInfoView.do?mgrSeq=128
126,2024-05-07,2024-05-07,5월 7일 (화) 집회 및 행사,4,0,0,https://www.spatic.go.kr/spatic/assem/getInfoView.do?mgrSeq=126
124,2024-05-06,2024-05-06,5월 6일 (월) 집회 및 행사,1,0,0,https://www.spatic.go.kr/spatic/assem/getInfoView.do?mgrSeq=124
122,2024-05-05,2024-05-05,5월 5일 (일) 집회 및 행사,3,0,0,https://www.spatic.go.kr/spatic/assem/getInfoView.do?mgrSeq=122
120,2024-05-04,2024-05-04,5월 4일 (토) 집회 및 행사,10,0,0,https://www.spatic.go.kr/spatic/assem/getInfoView.do?mgrSeq=120
118,2024-05-03,2024-05-03,5월 3일 (금) 집회 및 행사,3,0,0,https://www.spatic.go.kr/spatic/assem/getInfoView.do?mgrSeq=118
116,2024-05-02,2024-05-02,5월 2일 (목) 집회 및 행사,2,0,0,https://www.spatic.go.kr/spatic/assem/getInfoView.do?mgrSeq=116
114,2024-05-01,2024-05-01,	5월 1일 (수) 집회 및 행사,5,6,0,https://www.spatic.go.kr/spatic/assem/getInfoView.do?mgrSeq=114
112,2024-04-30,2024-04-30,4월 30일 (화) 집회 및 행사,1,0,0,https://www.spatic.go.kr/spatic/assem/getInfoView.do?mgrSeq=112
110,2024-04-29,2024-04-29,4월 29일 (월) 집회 및 행사,3,0,0,https://www.spatic.go.kr/spatic/assem/getInfoView.do?mgrSeq=110
108,2024-04-28,2024-04-28,4월 28일 (일) 집회 및 행사,3,0,1,https://www.spatic.go.kr/spatic/assem/getInfoView.do?mgrSeq=108
106,2024-04-27,2024-04-27,4월 27일 (토) 집회 및 행사,10,0,0,https://www.spatic.go.kr/spatic/assem/getInfoView.do?mgrSeq=106
104,2024-04-26,2024-04-26,4월 26일 (금) 집회 및 행사,3,0,0,https://www.spatic.go.kr/spatic/assem/getInfoView.do?mgrSeq=104
102,2024-04-25,2024-04-25,4월 25일 (목) 집회 및 행사,4,0,0,https://www.spatic.go.kr/spatic/assem/getInfoView.do?mgrSeq=102
100,2024-04-24,2024-04-24,4월 24일 (수) 집회 및 행사,5,0,0,https://www.spatic.go.kr/spatic/assem/getInfoView.do?mgrSeq=100
98,2024-04-23,2024-04-23,4월 23일 (화) 집회 및 행사,2,0,0,https://www.spatic.go.kr/spatic/assem/getInfoView.do?mgrSeq=98
96,2024-04-22,2024-04-22,4월 22일 (월) 집회 및 행사,3,0,0,https://www.spatic.go.kr/spatic/assem/getInfoView.do?mgrSeq=96
94,2024-04-21,2024-04-21,4월 21일 (일) 집회 및 행사,2,0,0,https://www.spatic.go.kr/spatic/assem/getInfoView.do?mgrSeq=94
92,2024-04-20,2024-04-20,4월 20일 (토) 집회 및 행사,10,0,0,https://www.spatic.go.kr/spatic/assem/getInfoView.do?mgrSeq=92
90,2024-04-19,2024-04-19,	4월 19일 (금) 집회 및 행사,6,0,0,https://www.spatic.go.kr/spatic/assem/getInfoView.do?mgrSeq=90
88,2024-04-18,2024-04-18,4월 18일 (목) 집회 및 행사,4,0,0,https://www.spatic.go.kr/spatic/assem/getInfoView.do?mgrSeq=88
86,2024-04-17,2024-04-17,4월 17일 (수) 집회 및 행사	,3,0,0,https://www.spatic.go.kr/spatic/assem/getInfoView.do?mgrSeq=86
84,2024-04-16,2024-04-16,4월 16일 (화) 집회 및 행사,1,0,0,https://www.spatic.go.kr/spatic/assem/getInfoView.do?mgrSeq=84
82,2024-04-15,2024-04-15,4월 15일 (월) 집회 및 행사,4,0,0,https://www.spatic.go.kr/spatic/assem/getInfoView.do?mgrSeq=82
80,2024-04-14,2024-04-14,4월 14일 (일) 집회 및 행사,4,0,0,https://www.spatic.go.kr/spatic/assem/getInfoView.do?mgrSeq=80
78,2024-04-13,2024-04-13,4월 13일 (토) 집회 및 행사,6,0,0,https://www.spatic.go.kr/spatic/assem/getInfoView.do?mgrSeq=78
76,2024-04-12,2024-04-12,4월 12일 (금) 집회 및 행사,3,0,0,https://www.spatic.go.kr/spatic/assem/getInfoView.do?mgrSeq=76
74,2024-04-11,2024-04-11,4월 11일 (목) 집회 및 행사,3,0,0,https://www.spatic.go.kr/spatic/assem/getInfoView.do?mgrSeq=74
72,2024-04-10,2024-04-10,4월 10일 (수) 집회 및 행사,2,0,0,https://www.spatic.go.kr/spatic/assem/getInfoView.do?mgrSeq=72
70,2024-04-09,2024-04-09,4월 09일 (화) 집회 및 행사,3,0,0,https://www.spatic.go.kr/spatic/assem/getInfoView.do?mgrSeq=70
68,2024-04-08,2024-04-08,4월 08일 (월) 집회 및 행사,2,0,0,https://www.spatic.go.kr/spatic/assem/getInfoView.do?mgrSeq=68
66,2024-04-07,2024-04-07,4월 07일 (일) 집회 및 행사,2,0,0,https://www.spatic.go.kr/spatic/assem/getInfoView.do?mgrSeq=66
64,2024-04-06,2024-04-06,4월 06일 (토) 집회 및 행사,7,0,0,https://www.spatic.go.kr/spatic/assem/getInfoView.do?mgrSeq=64
62,2024-04-05,2024-04-05,4월 05일 (금) 집회 및 행사,4,0,0,https://www.spatic.go.kr/spatic/assem/getInfoView.do?mgrSeq=62
60,2024-04-04,2024-04-04,4월 04일 (목) 집회 및 행사,6,0,0,https://www.spatic.go.kr/spatic/assem/getInfoView.do?mgrSeq=60
58,2024-04-03,2024-04-03,4월 03일 (수) 집회 및 행사,6,0,0,https://www.spatic.go.kr/spatic/assem/getInfoView.do?mgrSeq=58
56,2024-04-02,2024-04-02,	4월 02일 (화) 집회 및 행사,3,0,0,https://www.spatic.go.kr/spatic/assem/getInfoView.do?mgrSeq=56
54,2024-04-01,2024-04-01,4월 01일 (월) 집회 및 행사,7,0,0,https://www.spatic.go.kr/spatic/assem/getInfoView.do?mgrSeq=54
52,2024-03-31,2024-03-31,3월 31일 (일) 집회 및 행사,4,0,0,https://www.spatic.go.kr/spatic/assem/getInfoView.do?mgrSeq=52
50,2024-03-30,2024-03-30,3월 30일 (토) 집회 및 행사,10,0,0,https://www.spatic.go.kr/spatic/assem/getInfoView.do?mgrSeq=50
48,2024-03-29,2024-03-29,3월 29일 (금) 집회 및 행사,3,0,0,https://www.spatic.go.kr/spatic/assem/getInfoView.do?mgrSeq=48
46,2024-03-28,2024-03-28,3월 28일 (목) 집회 및 행사,3,0,0,https://www.spatic.go.kr/spatic/assem/getInfoView.do?mgrSeq=46
44,2024-03-27,2024-03-27,3월 27일 (수) 집회 및 행사,9,0,0,https://www.spatic.go.kr/spatic/assem/getInfoView.do?mgrSeq=44
42,2024-03-26,2024-03-26,3월 26일 (화) 집회 및 행사,5,0,0,https://www.spatic.go.kr/spatic/assem/getInfoView.do?mgrSeq=42
40,2024-03-25,2024-03-25,3월 25일 (월) 집회 및 행사,2,0,0,https://www.spatic.go.kr/spatic/assem/getInfoView.do?mgrSeq=40
38,2024-03-24,2024-03-24,3월 24일 (일) 집회 및 행사 ,4,0,0,https://www.spatic.go.kr/spatic/assem/getInfoView.do?mgrSeq=38
36,2024-03-23,2024-03-23,3월 23일 (토) 집회 및 행사,14,0,0,https://www.spatic.go.kr/spatic/assem/getInfoView.do?mgrSeq=36
34,2024-03-22,2024-03-22,3월 22일 (금) 집회 및 행사,2,0,0,https://www.spatic.go.kr/spatic/assem/getInfoView.do?mgrSeq=34
32,2024-03-21,2024-03-21,3월 21일 (목) 집회 및 행사 ,6,0,0,https://www.spatic.go.kr/spatic/assem/getInfoView.do?mgrSeq=32
30,2024-03-20,2024-03-20,3월 20일 (수) 집회 및 행사,5,0,0,https://www.spatic.go.kr/spatic/assem/getInfoView.do?mgrSeq=30
28,2024-03-19,2024-03-19,3월 19일 (화) 집회 및 행사,1,0,0,https://www.spatic.go.kr/spatic/assem/getInfoView.do?mgrSeq=28
26,2024-03-18,2024-03-18,3월 18일 (월) 집회 및 행사,2,0,0,https://www.spatic.go.kr/spatic/assem/getInfoView.do?mgrSeq=26
